--
-- PostgreSQL database dump
--

-- Dumped from database version 12.16 (Ubuntu 12.16-0ubuntu0.20.04.1)
-- Dumped by pg_dump version 12.16 (Ubuntu 12.16-0ubuntu0.20.04.1)

SET statement_timeout = 0;
SET lock_timeout = 0;
SET idle_in_transaction_session_timeout = 0;
SET client_encoding = 'UTF8';
SET standard_conforming_strings = on;
SELECT pg_catalog.set_config('search_path', '', false);
SET check_function_bodies = false;
SET xmloption = content;
SET client_min_messages = warning;
SET row_security = off;

SET default_tablespace = '';

SET default_table_access_method = heap;

--
-- Name: audit_app_annualplan; Type: TABLE; Schema: public; Owner: riskmanagement_user_admin
--

CREATE TABLE public.audit_app_annualplan (
    id bigint NOT NULL,
    title text NOT NULL,
    departments text,
    state character varying(30) NOT NULL,
    start_date date,
    end_date date,
    file_name character varying(123) NOT NULL,
    file character varying(100) NOT NULL,
    approved_commit character varying(500) NOT NULL
);


ALTER TABLE public.audit_app_annualplan OWNER TO riskmanagement_user_admin;

--
-- Name: audit_app_annualplan_id_seq; Type: SEQUENCE; Schema: public; Owner: riskmanagement_user_admin
--

ALTER TABLE public.audit_app_annualplan ALTER COLUMN id ADD GENERATED BY DEFAULT AS IDENTITY (
    SEQUENCE NAME public.audit_app_annualplan_id_seq
    START WITH 1
    INCREMENT BY 1
    NO MINVALUE
    NO MAXVALUE
    CACHE 1
);


--
-- Name: audit_app_auditengagement; Type: TABLE; Schema: public; Owner: riskmanagement_user_admin
--

CREATE TABLE public.audit_app_auditengagement (
    id bigint NOT NULL,
    name text NOT NULL,
    allocated_manager character varying(30) NOT NULL,
    state character varying(30) NOT NULL,
    duration_days character varying(30) NOT NULL,
    duration_hours character varying(30) NOT NULL,
    start_date date,
    end_date date,
    description text NOT NULL,
    objective text NOT NULL,
    description_approval text NOT NULL,
    department_head text NOT NULL,
    total_staff text NOT NULL,
    approved_policies text NOT NULL,
    audit_observation text NOT NULL,
    open_issues text NOT NULL,
    annual_plan_id bigint NOT NULL,
    department_id bigint NOT NULL
);


ALTER TABLE public.audit_app_auditengagement OWNER TO riskmanagement_user_admin;

--
-- Name: audit_app_auditengagement_id_seq; Type: SEQUENCE; Schema: public; Owner: riskmanagement_user_admin
--

ALTER TABLE public.audit_app_auditengagement ALTER COLUMN id ADD GENERATED BY DEFAULT AS IDENTITY (
    SEQUENCE NAME public.audit_app_auditengagement_id_seq
    START WITH 1
    INCREMENT BY 1
    NO MINVALUE
    NO MAXVALUE
    CACHE 1
);


--
-- Name: audit_app_auditengagementattachment; Type: TABLE; Schema: public; Owner: riskmanagement_user_admin
--

CREATE TABLE public.audit_app_auditengagementattachment (
    id bigint NOT NULL,
    file_name character varying(123) NOT NULL,
    content character varying(100) NOT NULL,
    ticket_id bigint NOT NULL
);


ALTER TABLE public.audit_app_auditengagementattachment OWNER TO riskmanagement_user_admin;

--
-- Name: audit_app_auditengagementattachment_id_seq; Type: SEQUENCE; Schema: public; Owner: riskmanagement_user_admin
--

ALTER TABLE public.audit_app_auditengagementattachment ALTER COLUMN id ADD GENERATED BY DEFAULT AS IDENTITY (
    SEQUENCE NAME public.audit_app_auditengagementattachment_id_seq
    START WITH 1
    INCREMENT BY 1
    NO MINVALUE
    NO MAXVALUE
    CACHE 1
);


--
-- Name: audit_app_auditprogram; Type: TABLE; Schema: public; Owner: riskmanagement_user_admin
--

CREATE TABLE public.audit_app_auditprogram (
    id bigint NOT NULL,
    category character varying(30) NOT NULL,
    description text NOT NULL,
    title_of_procedure text NOT NULL,
    summary_of_procedure text NOT NULL,
    design_assessment_result text NOT NULL,
    operating_assessment_result text NOT NULL,
    audit_process_result text NOT NULL,
    issue_check boolean NOT NULL,
    control_issue text NOT NULL,
    action_plan character varying(300) NOT NULL,
    our_reputation text,
    our_observation character varying(300) NOT NULL,
    management_response character varying(300) NOT NULL,
    implications character varying(300) NOT NULL,
    approval_status text NOT NULL,
    agree_date_action_plan date,
    audit_engagement_id bigint NOT NULL
);


ALTER TABLE public.audit_app_auditprogram OWNER TO riskmanagement_user_admin;

--
-- Name: audit_app_auditprogram_controls; Type: TABLE; Schema: public; Owner: riskmanagement_user_admin
--

CREATE TABLE public.audit_app_auditprogram_controls (
    id bigint NOT NULL,
    auditprogram_id bigint NOT NULL,
    control_id bigint NOT NULL
);


ALTER TABLE public.audit_app_auditprogram_controls OWNER TO riskmanagement_user_admin;

--
-- Name: audit_app_auditprogram_controls_id_seq; Type: SEQUENCE; Schema: public; Owner: riskmanagement_user_admin
--

ALTER TABLE public.audit_app_auditprogram_controls ALTER COLUMN id ADD GENERATED BY DEFAULT AS IDENTITY (
    SEQUENCE NAME public.audit_app_auditprogram_controls_id_seq
    START WITH 1
    INCREMENT BY 1
    NO MINVALUE
    NO MAXVALUE
    CACHE 1
);


--
-- Name: audit_app_auditprogram_id_seq; Type: SEQUENCE; Schema: public; Owner: riskmanagement_user_admin
--

ALTER TABLE public.audit_app_auditprogram ALTER COLUMN id ADD GENERATED BY DEFAULT AS IDENTITY (
    SEQUENCE NAME public.audit_app_auditprogram_id_seq
    START WITH 1
    INCREMENT BY 1
    NO MINVALUE
    NO MAXVALUE
    CACHE 1
);


--
-- Name: audit_app_auditprogram_risk_tagging; Type: TABLE; Schema: public; Owner: riskmanagement_user_admin
--

CREATE TABLE public.audit_app_auditprogram_risk_tagging (
    id bigint NOT NULL,
    auditprogram_id bigint NOT NULL,
    riskregister_id bigint NOT NULL
);


ALTER TABLE public.audit_app_auditprogram_risk_tagging OWNER TO riskmanagement_user_admin;

--
-- Name: audit_app_auditprogram_risk_tagging_id_seq; Type: SEQUENCE; Schema: public; Owner: riskmanagement_user_admin
--

ALTER TABLE public.audit_app_auditprogram_risk_tagging ALTER COLUMN id ADD GENERATED BY DEFAULT AS IDENTITY (
    SEQUENCE NAME public.audit_app_auditprogram_risk_tagging_id_seq
    START WITH 1
    INCREMENT BY 1
    NO MINVALUE
    NO MAXVALUE
    CACHE 1
);


--
-- Name: audit_app_auditprogramattachment; Type: TABLE; Schema: public; Owner: riskmanagement_user_admin
--

CREATE TABLE public.audit_app_auditprogramattachment (
    id bigint NOT NULL,
    file_name character varying(123) NOT NULL,
    content character varying(100) NOT NULL,
    auditprogram_id bigint NOT NULL
);


ALTER TABLE public.audit_app_auditprogramattachment OWNER TO riskmanagement_user_admin;

--
-- Name: audit_app_auditprogramattachment_id_seq; Type: SEQUENCE; Schema: public; Owner: riskmanagement_user_admin
--

ALTER TABLE public.audit_app_auditprogramattachment ALTER COLUMN id ADD GENERATED BY DEFAULT AS IDENTITY (
    SEQUENCE NAME public.audit_app_auditprogramattachment_id_seq
    START WITH 1
    INCREMENT BY 1
    NO MINVALUE
    NO MAXVALUE
    CACHE 1
);


--
-- Name: audit_app_auditprogramrepo; Type: TABLE; Schema: public; Owner: riskmanagement_user_admin
--

CREATE TABLE public.audit_app_auditprogramrepo (
    id bigint NOT NULL,
    title text NOT NULL,
    summary text,
    description text NOT NULL,
    category character varying(100) NOT NULL
);


ALTER TABLE public.audit_app_auditprogramrepo OWNER TO riskmanagement_user_admin;

--
-- Name: audit_app_auditprogramrepo_id_seq; Type: SEQUENCE; Schema: public; Owner: riskmanagement_user_admin
--

ALTER TABLE public.audit_app_auditprogramrepo ALTER COLUMN id ADD GENERATED BY DEFAULT AS IDENTITY (
    SEQUENCE NAME public.audit_app_auditprogramrepo_id_seq
    START WITH 1
    INCREMENT BY 1
    NO MINVALUE
    NO MAXVALUE
    CACHE 1
);


--
-- Name: auth_group; Type: TABLE; Schema: public; Owner: riskmanagement_user_admin
--

CREATE TABLE public.auth_group (
    id integer NOT NULL,
    name character varying(150) NOT NULL,
    key character varying(180)
);


ALTER TABLE public.auth_group OWNER TO riskmanagement_user_admin;

--
-- Name: auth_group_id_seq; Type: SEQUENCE; Schema: public; Owner: riskmanagement_user_admin
--

ALTER TABLE public.auth_group ALTER COLUMN id ADD GENERATED BY DEFAULT AS IDENTITY (
    SEQUENCE NAME public.auth_group_id_seq
    START WITH 1
    INCREMENT BY 1
    NO MINVALUE
    NO MAXVALUE
    CACHE 1
);


--
-- Name: auth_group_permissions; Type: TABLE; Schema: public; Owner: riskmanagement_user_admin
--

CREATE TABLE public.auth_group_permissions (
    id bigint NOT NULL,
    group_id integer NOT NULL,
    permission_id integer NOT NULL
);


ALTER TABLE public.auth_group_permissions OWNER TO riskmanagement_user_admin;

--
-- Name: auth_group_permissions_id_seq; Type: SEQUENCE; Schema: public; Owner: riskmanagement_user_admin
--

ALTER TABLE public.auth_group_permissions ALTER COLUMN id ADD GENERATED BY DEFAULT AS IDENTITY (
    SEQUENCE NAME public.auth_group_permissions_id_seq
    START WITH 1
    INCREMENT BY 1
    NO MINVALUE
    NO MAXVALUE
    CACHE 1
);


--
-- Name: auth_permission; Type: TABLE; Schema: public; Owner: riskmanagement_user_admin
--

CREATE TABLE public.auth_permission (
    id integer NOT NULL,
    name character varying(255) NOT NULL,
    content_type_id integer NOT NULL,
    codename character varying(100) NOT NULL
);


ALTER TABLE public.auth_permission OWNER TO riskmanagement_user_admin;

--
-- Name: auth_permission_id_seq; Type: SEQUENCE; Schema: public; Owner: riskmanagement_user_admin
--

ALTER TABLE public.auth_permission ALTER COLUMN id ADD GENERATED BY DEFAULT AS IDENTITY (
    SEQUENCE NAME public.auth_permission_id_seq
    START WITH 1
    INCREMENT BY 1
    NO MINVALUE
    NO MAXVALUE
    CACHE 1
);


--
-- Name: auth_user; Type: TABLE; Schema: public; Owner: riskmanagement_user_admin
--

CREATE TABLE public.auth_user (
    id integer NOT NULL,
    password character varying(128) NOT NULL,
    last_login timestamp with time zone,
    is_superuser boolean NOT NULL,
    username character varying(150) NOT NULL,
    first_name character varying(150) NOT NULL,
    last_name character varying(150) NOT NULL,
    email character varying(254) NOT NULL,
    is_staff boolean NOT NULL,
    is_active boolean NOT NULL,
    date_joined timestamp with time zone NOT NULL,
    department character varying(180),
    password_reset_token character varying(200),
    usertype character varying(30)
);


ALTER TABLE public.auth_user OWNER TO riskmanagement_user_admin;

--
-- Name: auth_user_groups; Type: TABLE; Schema: public; Owner: riskmanagement_user_admin
--

CREATE TABLE public.auth_user_groups (
    id bigint NOT NULL,
    user_id integer NOT NULL,
    group_id integer NOT NULL
);


ALTER TABLE public.auth_user_groups OWNER TO riskmanagement_user_admin;

--
-- Name: auth_user_groups_id_seq; Type: SEQUENCE; Schema: public; Owner: riskmanagement_user_admin
--

ALTER TABLE public.auth_user_groups ALTER COLUMN id ADD GENERATED BY DEFAULT AS IDENTITY (
    SEQUENCE NAME public.auth_user_groups_id_seq
    START WITH 1
    INCREMENT BY 1
    NO MINVALUE
    NO MAXVALUE
    CACHE 1
);


--
-- Name: auth_user_id_seq; Type: SEQUENCE; Schema: public; Owner: riskmanagement_user_admin
--

ALTER TABLE public.auth_user ALTER COLUMN id ADD GENERATED BY DEFAULT AS IDENTITY (
    SEQUENCE NAME public.auth_user_id_seq
    START WITH 1
    INCREMENT BY 1
    NO MINVALUE
    NO MAXVALUE
    CACHE 1
);


--
-- Name: auth_user_user_permissions; Type: TABLE; Schema: public; Owner: riskmanagement_user_admin
--

CREATE TABLE public.auth_user_user_permissions (
    id bigint NOT NULL,
    user_id integer NOT NULL,
    permission_id integer NOT NULL
);


ALTER TABLE public.auth_user_user_permissions OWNER TO riskmanagement_user_admin;

--
-- Name: auth_user_user_permissions_id_seq; Type: SEQUENCE; Schema: public; Owner: riskmanagement_user_admin
--

ALTER TABLE public.auth_user_user_permissions ALTER COLUMN id ADD GENERATED BY DEFAULT AS IDENTITY (
    SEQUENCE NAME public.auth_user_user_permissions_id_seq
    START WITH 1
    INCREMENT BY 1
    NO MINVALUE
    NO MAXVALUE
    CACHE 1
);


--
-- Name: authtoken_token; Type: TABLE; Schema: public; Owner: riskmanagement_user_admin
--

CREATE TABLE public.authtoken_token (
    key character varying(40) NOT NULL,
    created timestamp with time zone NOT NULL,
    user_id integer NOT NULL
);


ALTER TABLE public.authtoken_token OWNER TO riskmanagement_user_admin;

--
-- Name: django_admin_log; Type: TABLE; Schema: public; Owner: riskmanagement_user_admin
--

CREATE TABLE public.django_admin_log (
    id integer NOT NULL,
    action_time timestamp with time zone NOT NULL,
    object_id text,
    object_repr character varying(200) NOT NULL,
    action_flag smallint NOT NULL,
    change_message text NOT NULL,
    content_type_id integer,
    user_id integer NOT NULL,
    CONSTRAINT django_admin_log_action_flag_check CHECK ((action_flag >= 0))
);


ALTER TABLE public.django_admin_log OWNER TO riskmanagement_user_admin;

--
-- Name: django_admin_log_id_seq; Type: SEQUENCE; Schema: public; Owner: riskmanagement_user_admin
--

ALTER TABLE public.django_admin_log ALTER COLUMN id ADD GENERATED BY DEFAULT AS IDENTITY (
    SEQUENCE NAME public.django_admin_log_id_seq
    START WITH 1
    INCREMENT BY 1
    NO MINVALUE
    NO MAXVALUE
    CACHE 1
);


--
-- Name: django_content_type; Type: TABLE; Schema: public; Owner: riskmanagement_user_admin
--

CREATE TABLE public.django_content_type (
    id integer NOT NULL,
    app_label character varying(100) NOT NULL,
    model character varying(100) NOT NULL
);


ALTER TABLE public.django_content_type OWNER TO riskmanagement_user_admin;

--
-- Name: django_content_type_id_seq; Type: SEQUENCE; Schema: public; Owner: riskmanagement_user_admin
--

ALTER TABLE public.django_content_type ALTER COLUMN id ADD GENERATED BY DEFAULT AS IDENTITY (
    SEQUENCE NAME public.django_content_type_id_seq
    START WITH 1
    INCREMENT BY 1
    NO MINVALUE
    NO MAXVALUE
    CACHE 1
);


--
-- Name: django_migrations; Type: TABLE; Schema: public; Owner: riskmanagement_user_admin
--

CREATE TABLE public.django_migrations (
    id bigint NOT NULL,
    app character varying(255) NOT NULL,
    name character varying(255) NOT NULL,
    applied timestamp with time zone NOT NULL
);


ALTER TABLE public.django_migrations OWNER TO riskmanagement_user_admin;

--
-- Name: django_migrations_id_seq; Type: SEQUENCE; Schema: public; Owner: riskmanagement_user_admin
--

ALTER TABLE public.django_migrations ALTER COLUMN id ADD GENERATED BY DEFAULT AS IDENTITY (
    SEQUENCE NAME public.django_migrations_id_seq
    START WITH 1
    INCREMENT BY 1
    NO MINVALUE
    NO MAXVALUE
    CACHE 1
);


--
-- Name: django_rest_passwordreset_resetpasswordtoken; Type: TABLE; Schema: public; Owner: riskmanagement_user_admin
--

CREATE TABLE public.django_rest_passwordreset_resetpasswordtoken (
    created_at timestamp with time zone NOT NULL,
    key character varying(64) NOT NULL,
    ip_address inet,
    user_agent character varying(256) NOT NULL,
    user_id integer NOT NULL,
    id integer NOT NULL
);


ALTER TABLE public.django_rest_passwordreset_resetpasswordtoken OWNER TO riskmanagement_user_admin;

--
-- Name: django_rest_passwordreset_resetpasswordtoken_id_seq; Type: SEQUENCE; Schema: public; Owner: riskmanagement_user_admin
--

ALTER TABLE public.django_rest_passwordreset_resetpasswordtoken ALTER COLUMN id ADD GENERATED BY DEFAULT AS IDENTITY (
    SEQUENCE NAME public.django_rest_passwordreset_resetpasswordtoken_id_seq
    START WITH 1
    INCREMENT BY 1
    NO MINVALUE
    NO MAXVALUE
    CACHE 1
);


--
-- Name: django_session; Type: TABLE; Schema: public; Owner: riskmanagement_user_admin
--

CREATE TABLE public.django_session (
    session_key character varying(40) NOT NULL,
    session_data text NOT NULL,
    expire_date timestamp with time zone NOT NULL
);


ALTER TABLE public.django_session OWNER TO riskmanagement_user_admin;

--
-- Name: master_app_companysetup; Type: TABLE; Schema: public; Owner: riskmanagement_user_admin
--

CREATE TABLE public.master_app_companysetup (
    id bigint NOT NULL,
    name text NOT NULL,
    industry text NOT NULL,
    company_domain text NOT NULL,
    business_type text
);


ALTER TABLE public.master_app_companysetup OWNER TO riskmanagement_user_admin;

--
-- Name: master_app_companysetup_departments; Type: TABLE; Schema: public; Owner: riskmanagement_user_admin
--

CREATE TABLE public.master_app_companysetup_departments (
    id bigint NOT NULL,
    companysetup_id bigint NOT NULL,
    department_id bigint NOT NULL
);


ALTER TABLE public.master_app_companysetup_departments OWNER TO riskmanagement_user_admin;

--
-- Name: master_app_companysetup_departments_id_seq; Type: SEQUENCE; Schema: public; Owner: riskmanagement_user_admin
--

ALTER TABLE public.master_app_companysetup_departments ALTER COLUMN id ADD GENERATED BY DEFAULT AS IDENTITY (
    SEQUENCE NAME public.master_app_companysetup_departments_id_seq
    START WITH 1
    INCREMENT BY 1
    NO MINVALUE
    NO MAXVALUE
    CACHE 1
);


--
-- Name: master_app_companysetup_id_seq; Type: SEQUENCE; Schema: public; Owner: riskmanagement_user_admin
--

ALTER TABLE public.master_app_companysetup ALTER COLUMN id ADD GENERATED BY DEFAULT AS IDENTITY (
    SEQUENCE NAME public.master_app_companysetup_id_seq
    START WITH 1
    INCREMENT BY 1
    NO MINVALUE
    NO MAXVALUE
    CACHE 1
);


--
-- Name: master_app_controlobjective; Type: TABLE; Schema: public; Owner: riskmanagement_user_admin
--

CREATE TABLE public.master_app_controlobjective (
    id bigint NOT NULL,
    title text NOT NULL,
    description text NOT NULL,
    responsible_person text NOT NULL,
    frequency integer NOT NULL,
    category text NOT NULL
);


ALTER TABLE public.master_app_controlobjective OWNER TO riskmanagement_user_admin;

--
-- Name: master_app_controlobjective_id_seq; Type: SEQUENCE; Schema: public; Owner: riskmanagement_user_admin
--

ALTER TABLE public.master_app_controlobjective ALTER COLUMN id ADD GENERATED BY DEFAULT AS IDENTITY (
    SEQUENCE NAME public.master_app_controlobjective_id_seq
    START WITH 1
    INCREMENT BY 1
    NO MINVALUE
    NO MAXVALUE
    CACHE 1
);


--
-- Name: master_app_controlobjective_policy; Type: TABLE; Schema: public; Owner: riskmanagement_user_admin
--

CREATE TABLE public.master_app_controlobjective_policy (
    id bigint NOT NULL,
    controlobjective_id bigint NOT NULL,
    policy_id bigint NOT NULL
);


ALTER TABLE public.master_app_controlobjective_policy OWNER TO riskmanagement_user_admin;

--
-- Name: master_app_controlobjective_policy_id_seq; Type: SEQUENCE; Schema: public; Owner: riskmanagement_user_admin
--

ALTER TABLE public.master_app_controlobjective_policy ALTER COLUMN id ADD GENERATED BY DEFAULT AS IDENTITY (
    SEQUENCE NAME public.master_app_controlobjective_policy_id_seq
    START WITH 1
    INCREMENT BY 1
    NO MINVALUE
    NO MAXVALUE
    CACHE 1
);


--
-- Name: master_app_department; Type: TABLE; Schema: public; Owner: riskmanagement_user_admin
--

CREATE TABLE public.master_app_department (
    id bigint NOT NULL,
    name text NOT NULL,
    slug text NOT NULL
);


ALTER TABLE public.master_app_department OWNER TO riskmanagement_user_admin;

--
-- Name: master_app_department_id_seq; Type: SEQUENCE; Schema: public; Owner: riskmanagement_user_admin
--

ALTER TABLE public.master_app_department ALTER COLUMN id ADD GENERATED BY DEFAULT AS IDENTITY (
    SEQUENCE NAME public.master_app_department_id_seq
    START WITH 1
    INCREMENT BY 1
    NO MINVALUE
    NO MAXVALUE
    CACHE 1
);


--
-- Name: master_app_doccomment; Type: TABLE; Schema: public; Owner: riskmanagement_user_admin
--

CREATE TABLE public.master_app_doccomment (
    id bigint NOT NULL,
    "belogTo" text NOT NULL,
    "docId" text NOT NULL,
    comment text NOT NULL
);


ALTER TABLE public.master_app_doccomment OWNER TO riskmanagement_user_admin;

--
-- Name: master_app_doccomment_id_seq; Type: SEQUENCE; Schema: public; Owner: riskmanagement_user_admin
--

ALTER TABLE public.master_app_doccomment ALTER COLUMN id ADD GENERATED BY DEFAULT AS IDENTITY (
    SEQUENCE NAME public.master_app_doccomment_id_seq
    START WITH 1
    INCREMENT BY 1
    NO MINVALUE
    NO MAXVALUE
    CACHE 1
);


--
-- Name: master_app_subdepartment; Type: TABLE; Schema: public; Owner: riskmanagement_user_admin
--

CREATE TABLE public.master_app_subdepartment (
    id bigint NOT NULL,
    name text NOT NULL,
    slug text NOT NULL,
    department_id bigint NOT NULL
);


ALTER TABLE public.master_app_subdepartment OWNER TO riskmanagement_user_admin;

--
-- Name: master_app_subdepartment_id_seq; Type: SEQUENCE; Schema: public; Owner: riskmanagement_user_admin
--

ALTER TABLE public.master_app_subdepartment ALTER COLUMN id ADD GENERATED BY DEFAULT AS IDENTITY (
    SEQUENCE NAME public.master_app_subdepartment_id_seq
    START WITH 1
    INCREMENT BY 1
    NO MINVALUE
    NO MAXVALUE
    CACHE 1
);


--
-- Name: policy_app_control; Type: TABLE; Schema: public; Owner: riskmanagement_user_admin
--

CREATE TABLE public.policy_app_control (
    id bigint NOT NULL,
    description text NOT NULL,
    responsible_person text NOT NULL,
    responsible_manager text NOT NULL,
    status text NOT NULL,
    is_critical boolean NOT NULL,
    issue_reference_number text NOT NULL,
    issue_creation_date date,
    assign_to text NOT NULL,
    assign_to_manager text NOT NULL,
    short_description text NOT NULL,
    propose_action_plan text NOT NULL,
    issue_status text NOT NULL
);


ALTER TABLE public.policy_app_control OWNER TO riskmanagement_user_admin;

--
-- Name: policy_app_control_control_objective; Type: TABLE; Schema: public; Owner: riskmanagement_user_admin
--

CREATE TABLE public.policy_app_control_control_objective (
    id bigint NOT NULL,
    control_id bigint NOT NULL,
    controlobjective_id bigint NOT NULL
);


ALTER TABLE public.policy_app_control_control_objective OWNER TO riskmanagement_user_admin;

--
-- Name: policy_app_control_control_objective_id_seq; Type: SEQUENCE; Schema: public; Owner: riskmanagement_user_admin
--

ALTER TABLE public.policy_app_control_control_objective ALTER COLUMN id ADD GENERATED BY DEFAULT AS IDENTITY (
    SEQUENCE NAME public.policy_app_control_control_objective_id_seq
    START WITH 1
    INCREMENT BY 1
    NO MINVALUE
    NO MAXVALUE
    CACHE 1
);


--
-- Name: policy_app_control_departments; Type: TABLE; Schema: public; Owner: riskmanagement_user_admin
--

CREATE TABLE public.policy_app_control_departments (
    id bigint NOT NULL,
    control_id bigint NOT NULL,
    department_id bigint NOT NULL
);


ALTER TABLE public.policy_app_control_departments OWNER TO riskmanagement_user_admin;

--
-- Name: policy_app_control_departments_id_seq; Type: SEQUENCE; Schema: public; Owner: riskmanagement_user_admin
--

ALTER TABLE public.policy_app_control_departments ALTER COLUMN id ADD GENERATED BY DEFAULT AS IDENTITY (
    SEQUENCE NAME public.policy_app_control_departments_id_seq
    START WITH 1
    INCREMENT BY 1
    NO MINVALUE
    NO MAXVALUE
    CACHE 1
);


--
-- Name: policy_app_control_id_seq; Type: SEQUENCE; Schema: public; Owner: riskmanagement_user_admin
--

ALTER TABLE public.policy_app_control ALTER COLUMN id ADD GENERATED BY DEFAULT AS IDENTITY (
    SEQUENCE NAME public.policy_app_control_id_seq
    START WITH 1
    INCREMENT BY 1
    NO MINVALUE
    NO MAXVALUE
    CACHE 1
);


--
-- Name: policy_app_control_policy; Type: TABLE; Schema: public; Owner: riskmanagement_user_admin
--

CREATE TABLE public.policy_app_control_policy (
    id bigint NOT NULL,
    control_id bigint NOT NULL,
    policy_id bigint NOT NULL
);


ALTER TABLE public.policy_app_control_policy OWNER TO riskmanagement_user_admin;

--
-- Name: policy_app_control_policy_id_seq; Type: SEQUENCE; Schema: public; Owner: riskmanagement_user_admin
--

ALTER TABLE public.policy_app_control_policy ALTER COLUMN id ADD GENERATED BY DEFAULT AS IDENTITY (
    SEQUENCE NAME public.policy_app_control_policy_id_seq
    START WITH 1
    INCREMENT BY 1
    NO MINVALUE
    NO MAXVALUE
    CACHE 1
);


--
-- Name: policy_app_control_regulatory_laws; Type: TABLE; Schema: public; Owner: riskmanagement_user_admin
--

CREATE TABLE public.policy_app_control_regulatory_laws (
    id bigint NOT NULL,
    control_id bigint NOT NULL,
    regulatorylaws_id bigint NOT NULL
);


ALTER TABLE public.policy_app_control_regulatory_laws OWNER TO riskmanagement_user_admin;

--
-- Name: policy_app_control_regulatory_laws_id_seq; Type: SEQUENCE; Schema: public; Owner: riskmanagement_user_admin
--

ALTER TABLE public.policy_app_control_regulatory_laws ALTER COLUMN id ADD GENERATED BY DEFAULT AS IDENTITY (
    SEQUENCE NAME public.policy_app_control_regulatory_laws_id_seq
    START WITH 1
    INCREMENT BY 1
    NO MINVALUE
    NO MAXVALUE
    CACHE 1
);


--
-- Name: policy_app_issuecontrol; Type: TABLE; Schema: public; Owner: riskmanagement_user_admin
--

CREATE TABLE public.policy_app_issuecontrol (
    id bigint NOT NULL,
    issue_reference_number text NOT NULL,
    issue_creation_date date NOT NULL,
    issue_status text NOT NULL,
    assign_to text NOT NULL,
    assign_to_manager text NOT NULL,
    short_description text NOT NULL,
    propose_action_plan text NOT NULL,
    control_id bigint NOT NULL,
    control_objective_id bigint NOT NULL
);


ALTER TABLE public.policy_app_issuecontrol OWNER TO riskmanagement_user_admin;

--
-- Name: policy_app_issuecontrol_id_seq; Type: SEQUENCE; Schema: public; Owner: riskmanagement_user_admin
--

ALTER TABLE public.policy_app_issuecontrol ALTER COLUMN id ADD GENERATED BY DEFAULT AS IDENTITY (
    SEQUENCE NAME public.policy_app_issuecontrol_id_seq
    START WITH 1
    INCREMENT BY 1
    NO MINVALUE
    NO MAXVALUE
    CACHE 1
);


--
-- Name: policy_app_policy; Type: TABLE; Schema: public; Owner: riskmanagement_user_admin
--

CREATE TABLE public.policy_app_policy (
    id bigint NOT NULL,
    name text NOT NULL,
    owner character varying(30) NOT NULL,
    state character varying(30) NOT NULL,
    file_name character varying(123) NOT NULL,
    file character varying(100) NOT NULL,
    date_approval date NOT NULL,
    policy_edit text NOT NULL,
    policy_text text NOT NULL,
    review_date date NOT NULL
);


ALTER TABLE public.policy_app_policy OWNER TO riskmanagement_user_admin;

--
-- Name: policy_app_policy_departments; Type: TABLE; Schema: public; Owner: riskmanagement_user_admin
--

CREATE TABLE public.policy_app_policy_departments (
    id bigint NOT NULL,
    policy_id bigint NOT NULL,
    department_id bigint NOT NULL
);


ALTER TABLE public.policy_app_policy_departments OWNER TO riskmanagement_user_admin;

--
-- Name: policy_app_policy_departments_id_seq; Type: SEQUENCE; Schema: public; Owner: riskmanagement_user_admin
--

ALTER TABLE public.policy_app_policy_departments ALTER COLUMN id ADD GENERATED BY DEFAULT AS IDENTITY (
    SEQUENCE NAME public.policy_app_policy_departments_id_seq
    START WITH 1
    INCREMENT BY 1
    NO MINVALUE
    NO MAXVALUE
    CACHE 1
);


--
-- Name: policy_app_policy_id_seq; Type: SEQUENCE; Schema: public; Owner: riskmanagement_user_admin
--

ALTER TABLE public.policy_app_policy ALTER COLUMN id ADD GENERATED BY DEFAULT AS IDENTITY (
    SEQUENCE NAME public.policy_app_policy_id_seq
    START WITH 1
    INCREMENT BY 1
    NO MINVALUE
    NO MAXVALUE
    CACHE 1
);


--
-- Name: policy_app_regulatorylaws; Type: TABLE; Schema: public; Owner: riskmanagement_user_admin
--

CREATE TABLE public.policy_app_regulatorylaws (
    id bigint NOT NULL,
    name text NOT NULL,
    owner character varying(30) NOT NULL,
    state character varying(30) NOT NULL,
    file_name character varying(123) NOT NULL,
    file character varying(100) NOT NULL
);


ALTER TABLE public.policy_app_regulatorylaws OWNER TO riskmanagement_user_admin;

--
-- Name: policy_app_regulatorylaws_departments; Type: TABLE; Schema: public; Owner: riskmanagement_user_admin
--

CREATE TABLE public.policy_app_regulatorylaws_departments (
    id bigint NOT NULL,
    regulatorylaws_id bigint NOT NULL,
    department_id bigint NOT NULL
);


ALTER TABLE public.policy_app_regulatorylaws_departments OWNER TO riskmanagement_user_admin;

--
-- Name: policy_app_regulatorylaws_departments_id_seq; Type: SEQUENCE; Schema: public; Owner: riskmanagement_user_admin
--

ALTER TABLE public.policy_app_regulatorylaws_departments ALTER COLUMN id ADD GENERATED BY DEFAULT AS IDENTITY (
    SEQUENCE NAME public.policy_app_regulatorylaws_departments_id_seq
    START WITH 1
    INCREMENT BY 1
    NO MINVALUE
    NO MAXVALUE
    CACHE 1
);


--
-- Name: policy_app_regulatorylaws_id_seq; Type: SEQUENCE; Schema: public; Owner: riskmanagement_user_admin
--

ALTER TABLE public.policy_app_regulatorylaws ALTER COLUMN id ADD GENERATED BY DEFAULT AS IDENTITY (
    SEQUENCE NAME public.policy_app_regulatorylaws_id_seq
    START WITH 1
    INCREMENT BY 1
    NO MINVALUE
    NO MAXVALUE
    CACHE 1
);


--
-- Name: policy_app_regulatorylaws_policy; Type: TABLE; Schema: public; Owner: riskmanagement_user_admin
--

CREATE TABLE public.policy_app_regulatorylaws_policy (
    id bigint NOT NULL,
    regulatorylaws_id bigint NOT NULL,
    policy_id bigint NOT NULL
);


ALTER TABLE public.policy_app_regulatorylaws_policy OWNER TO riskmanagement_user_admin;

--
-- Name: policy_app_regulatorylaws_policy_id_seq; Type: SEQUENCE; Schema: public; Owner: riskmanagement_user_admin
--

ALTER TABLE public.policy_app_regulatorylaws_policy ALTER COLUMN id ADD GENERATED BY DEFAULT AS IDENTITY (
    SEQUENCE NAME public.policy_app_regulatorylaws_policy_id_seq
    START WITH 1
    INCREMENT BY 1
    NO MINVALUE
    NO MAXVALUE
    CACHE 1
);


--
-- Name: risk_app_controlratingmatrix; Type: TABLE; Schema: public; Owner: riskmanagement_user_admin
--

CREATE TABLE public.risk_app_controlratingmatrix (
    id bigint NOT NULL,
    design text NOT NULL,
    effectiveness text NOT NULL,
    formula text NOT NULL,
    overall_rating text NOT NULL,
    control_score text NOT NULL
);


ALTER TABLE public.risk_app_controlratingmatrix OWNER TO riskmanagement_user_admin;

--
-- Name: risk_app_controlratingmatrix_id_seq; Type: SEQUENCE; Schema: public; Owner: riskmanagement_user_admin
--

ALTER TABLE public.risk_app_controlratingmatrix ALTER COLUMN id ADD GENERATED BY DEFAULT AS IDENTITY (
    SEQUENCE NAME public.risk_app_controlratingmatrix_id_seq
    START WITH 1
    INCREMENT BY 1
    NO MINVALUE
    NO MAXVALUE
    CACHE 1
);


--
-- Name: risk_app_profile; Type: TABLE; Schema: public; Owner: riskmanagement_user_admin
--

CREATE TABLE public.risk_app_profile (
    id bigint NOT NULL,
    bio text NOT NULL,
    location character varying(30) NOT NULL,
    birth_date date,
    company_id bigint NOT NULL,
    user_id integer NOT NULL
);


ALTER TABLE public.risk_app_profile OWNER TO riskmanagement_user_admin;

--
-- Name: risk_app_profile_departments; Type: TABLE; Schema: public; Owner: riskmanagement_user_admin
--

CREATE TABLE public.risk_app_profile_departments (
    id bigint NOT NULL,
    profile_id bigint NOT NULL,
    department_id bigint NOT NULL
);


ALTER TABLE public.risk_app_profile_departments OWNER TO riskmanagement_user_admin;

--
-- Name: risk_app_profile_departments_id_seq; Type: SEQUENCE; Schema: public; Owner: riskmanagement_user_admin
--

ALTER TABLE public.risk_app_profile_departments ALTER COLUMN id ADD GENERATED BY DEFAULT AS IDENTITY (
    SEQUENCE NAME public.risk_app_profile_departments_id_seq
    START WITH 1
    INCREMENT BY 1
    NO MINVALUE
    NO MAXVALUE
    CACHE 1
);


--
-- Name: risk_app_profile_id_seq; Type: SEQUENCE; Schema: public; Owner: riskmanagement_user_admin
--

ALTER TABLE public.risk_app_profile ALTER COLUMN id ADD GENERATED BY DEFAULT AS IDENTITY (
    SEQUENCE NAME public.risk_app_profile_id_seq
    START WITH 1
    INCREMENT BY 1
    NO MINVALUE
    NO MAXVALUE
    CACHE 1
);


--
-- Name: risk_app_riskassessment; Type: TABLE; Schema: public; Owner: riskmanagement_user_admin
--

CREATE TABLE public.risk_app_riskassessment (
    id bigint NOT NULL,
    category text,
    risk_appetite_statement text,
    description text,
    responisble_department_id text,
    key_risk_indicators text,
    risk_appetite text,
    date_of_assessment text,
    kri_reporting text,
    previous_assessment text
);


ALTER TABLE public.risk_app_riskassessment OWNER TO riskmanagement_user_admin;

--
-- Name: risk_app_riskassessment_id_seq; Type: SEQUENCE; Schema: public; Owner: riskmanagement_user_admin
--

ALTER TABLE public.risk_app_riskassessment ALTER COLUMN id ADD GENERATED BY DEFAULT AS IDENTITY (
    SEQUENCE NAME public.risk_app_riskassessment_id_seq
    START WITH 1
    INCREMENT BY 1
    NO MINVALUE
    NO MAXVALUE
    CACHE 1
);


--
-- Name: risk_app_riskmatrix; Type: TABLE; Schema: public; Owner: riskmanagement_user_admin
--

CREATE TABLE public.risk_app_riskmatrix (
    id bigint NOT NULL,
    likehood text NOT NULL,
    impact text NOT NULL,
    combine text NOT NULL,
    score text NOT NULL,
    likehood_rate text NOT NULL,
    impact_rate text NOT NULL,
    score_rate text NOT NULL
);


ALTER TABLE public.risk_app_riskmatrix OWNER TO riskmanagement_user_admin;

--
-- Name: risk_app_riskmatrix_id_seq; Type: SEQUENCE; Schema: public; Owner: riskmanagement_user_admin
--

ALTER TABLE public.risk_app_riskmatrix ALTER COLUMN id ADD GENERATED BY DEFAULT AS IDENTITY (
    SEQUENCE NAME public.risk_app_riskmatrix_id_seq
    START WITH 1
    INCREMENT BY 1
    NO MINVALUE
    NO MAXVALUE
    CACHE 1
);


--
-- Name: risk_app_riskplan; Type: TABLE; Schema: public; Owner: riskmanagement_user_admin
--

CREATE TABLE public.risk_app_riskplan (
    id bigint NOT NULL,
    title text NOT NULL,
    departments text
);


ALTER TABLE public.risk_app_riskplan OWNER TO riskmanagement_user_admin;

--
-- Name: risk_app_riskplan_id_seq; Type: SEQUENCE; Schema: public; Owner: riskmanagement_user_admin
--

ALTER TABLE public.risk_app_riskplan ALTER COLUMN id ADD GENERATED BY DEFAULT AS IDENTITY (
    SEQUENCE NAME public.risk_app_riskplan_id_seq
    START WITH 1
    INCREMENT BY 1
    NO MINVALUE
    NO MAXVALUE
    CACHE 1
);


--
-- Name: risk_app_riskprioritization; Type: TABLE; Schema: public; Owner: riskmanagement_user_admin
--

CREATE TABLE public.risk_app_riskprioritization (
    id bigint NOT NULL,
    score text NOT NULL,
    rating text NOT NULL,
    priority text NOT NULL,
    color_code text NOT NULL
);


ALTER TABLE public.risk_app_riskprioritization OWNER TO riskmanagement_user_admin;

--
-- Name: risk_app_riskprioritization_id_seq; Type: SEQUENCE; Schema: public; Owner: riskmanagement_user_admin
--

ALTER TABLE public.risk_app_riskprioritization ALTER COLUMN id ADD GENERATED BY DEFAULT AS IDENTITY (
    SEQUENCE NAME public.risk_app_riskprioritization_id_seq
    START WITH 1
    INCREMENT BY 1
    NO MINVALUE
    NO MAXVALUE
    CACHE 1
);


--
-- Name: risk_app_riskregister; Type: TABLE; Schema: public; Owner: riskmanagement_user_admin
--

CREATE TABLE public.risk_app_riskregister (
    id bigint NOT NULL,
    department_id integer,
    sub_department text,
    file_name character varying(123) NOT NULL,
    file character varying(100),
    status character varying(255) NOT NULL,
    title text,
    root_cause text,
    consequence text,
    category text,
    function_owner text,
    risk_owner text,
    risk_champion text,
    inherent_risk_rating_likehood text,
    inherent_risk_rating_impact text,
    inherent_risk_rating_rating text,
    control_description text,
    control_design_assessement text,
    control_effectiveness_assessement text,
    overall_control_rating text,
    residual_risk_scoring_score text,
    risk_responses text,
    treatment_required text,
    action_plan text,
    action_plan_owner text,
    implementation_date text,
    parent_id integer,
    previous_assessment text,
    updated_at date,
    assessment_date date,
    next_review_date date,
    review_status text
);


ALTER TABLE public.risk_app_riskregister OWNER TO riskmanagement_user_admin;

--
-- Name: risk_app_riskregister_id_seq; Type: SEQUENCE; Schema: public; Owner: riskmanagement_user_admin
--

ALTER TABLE public.risk_app_riskregister ALTER COLUMN id ADD GENERATED BY DEFAULT AS IDENTITY (
    SEQUENCE NAME public.risk_app_riskregister_id_seq
    START WITH 1
    INCREMENT BY 1
    NO MINVALUE
    NO MAXVALUE
    CACHE 1
);


--
-- Name: risk_app_riskrepo; Type: TABLE; Schema: public; Owner: riskmanagement_user_admin
--

CREATE TABLE public.risk_app_riskrepo (
    id bigint NOT NULL,
    title text NOT NULL,
    department_id integer,
    description text NOT NULL
);


ALTER TABLE public.risk_app_riskrepo OWNER TO riskmanagement_user_admin;

--
-- Name: risk_app_riskrepo_id_seq; Type: SEQUENCE; Schema: public; Owner: riskmanagement_user_admin
--

ALTER TABLE public.risk_app_riskrepo ALTER COLUMN id ADD GENERATED BY DEFAULT AS IDENTITY (
    SEQUENCE NAME public.risk_app_riskrepo_id_seq
    START WITH 1
    INCREMENT BY 1
    NO MINVALUE
    NO MAXVALUE
    CACHE 1
);


--
-- Data for Name: audit_app_annualplan; Type: TABLE DATA; Schema: public; Owner: riskmanagement_user_admin
--

COPY public.audit_app_annualplan (id, title, departments, state, start_date, end_date, file_name, file, approved_commit) FROM stdin;
10	Legal services internal audit	[{"department_id":8,"proposed_schedule":"Q1","allocated_manager":"Bilal Ahmed","sub_department":[{"id":7,"name":"Sub Legal Services","slug":"Sub Legal Services","department":8}]},{"department_id":7,"proposed_schedule":"Q1","allocated_manager":"Bilal Ahmed khan","sub_department":[{"id":6,"name":"Sub Control and Budgeting","slug":"Sub Control and Budgeting","department":7}]}]	Approved	2023-07-13	2023-07-20			
11	Nisi ullam et soluta	[{"department_id":1,"proposed_schedule":"Q2","allocated_manager":"qamran","sub_department":[{"id":1,"name":"Sub costumer","slug":"Sub costumer","department":1}]},{"department_id":3,"proposed_schedule":"Q2","allocated_manager":"qamran","sub_department":[{"id":2,"name":"Sub Finance","slug":"Sub Finance","department":3}]}]	Approved	2023-07-06	2023-07-11			
\.


--
-- Data for Name: audit_app_auditengagement; Type: TABLE DATA; Schema: public; Owner: riskmanagement_user_admin
--

COPY public.audit_app_auditengagement (id, name, allocated_manager, state, duration_days, duration_hours, start_date, end_date, description, objective, description_approval, department_head, total_staff, approved_policies, audit_observation, open_issues, annual_plan_id, department_id) FROM stdin;
14	Legal services internal audit / Legal	Amir Alam	Approved			2023-07-14	2023-07-17	policy for legal services	policy for legal services		Zohaib Qamer	12	policy for legal services	policy for legal services policy for legal services	policy for legal services	10	8
15	Nisi ullam et soluta / Customer Care	www	Approved			2023-08-10	2023-09-05	www	www							11	1
\.


--
-- Data for Name: audit_app_auditengagementattachment; Type: TABLE DATA; Schema: public; Owner: riskmanagement_user_admin
--

COPY public.audit_app_auditengagementattachment (id, file_name, content, ticket_id) FROM stdin;
\.


--
-- Data for Name: audit_app_auditprogram; Type: TABLE DATA; Schema: public; Owner: riskmanagement_user_admin
--

COPY public.audit_app_auditprogram (id, category, description, title_of_procedure, summary_of_procedure, design_assessment_result, operating_assessment_result, audit_process_result, issue_check, control_issue, action_plan, our_reputation, our_observation, management_response, implications, approval_status, agree_date_action_plan, audit_engagement_id) FROM stdin;
23	Test of Control		policy for legal services	policy for legal services	Effective	Effective	Ineffective	f	High	policy for legal services	policy for legal services	[{"our_observation_title":"policy for legal services","our_observation_description":"policy for legal services"}]		policy for legal services	Sended for Review	2023-07-12	14
22	Test of Control		policy for legal services					f			\N				Draft	\N	14
\.


--
-- Data for Name: audit_app_auditprogram_controls; Type: TABLE DATA; Schema: public; Owner: riskmanagement_user_admin
--

COPY public.audit_app_auditprogram_controls (id, auditprogram_id, control_id) FROM stdin;
15	23	10
\.


--
-- Data for Name: audit_app_auditprogram_risk_tagging; Type: TABLE DATA; Schema: public; Owner: riskmanagement_user_admin
--

COPY public.audit_app_auditprogram_risk_tagging (id, auditprogram_id, riskregister_id) FROM stdin;
30	23	43
31	23	44
\.


--
-- Data for Name: audit_app_auditprogramattachment; Type: TABLE DATA; Schema: public; Owner: riskmanagement_user_admin
--

COPY public.audit_app_auditprogramattachment (id, file_name, content, auditprogram_id) FROM stdin;
49	Screenshot from 2023-07-12 10-53-09.png	audit_files/Screenshot_from_2023-07-12_10-53-09_vBS2fRn.png	23
50	Screenshot from 2023-07-11 01-56-03.png	audit_files/Screenshot_from_2023-07-11_01-56-03_uo7BsXj.png	23
51	Screenshot from 2023-07-11 01-58-39.png	audit_files/Screenshot_from_2023-07-11_01-58-39_yPtGUkh.png	23
52	risk2.png	audit_files/risk2.png	23
53	risk3.png	audit_files/risk3.png	23
54	risk5.png	audit_files/risk5.png	23
\.


--
-- Data for Name: audit_app_auditprogramrepo; Type: TABLE DATA; Schema: public; Owner: riskmanagement_user_admin
--

COPY public.audit_app_auditprogramrepo (id, title, summary, description, category) FROM stdin;
\.


--
-- Data for Name: auth_group; Type: TABLE DATA; Schema: public; Owner: riskmanagement_user_admin
--

COPY public.auth_group (id, name, key) FROM stdin;
1	risk_dashboard	\N
2	risk_register	\N
3	departments	\N
4	sub_functions	\N
5	company_setup	\N
6	risk_repository	\N
7	audit_plan	\N
8	audit_engagements	\N
9	policy_list	\N
10	regulatry_law	\N
11	control_objective	\N
12	control_list	\N
13	risk_assesment	\N
14	user_management	\N
15	policy_dashboard	\N
\.


--
-- Data for Name: auth_group_permissions; Type: TABLE DATA; Schema: public; Owner: riskmanagement_user_admin
--

COPY public.auth_group_permissions (id, group_id, permission_id) FROM stdin;
\.


--
-- Data for Name: auth_permission; Type: TABLE DATA; Schema: public; Owner: riskmanagement_user_admin
--

COPY public.auth_permission (id, name, content_type_id, codename) FROM stdin;
1	Can add log entry	1	add_logentry
2	Can change log entry	1	change_logentry
3	Can delete log entry	1	delete_logentry
4	Can view log entry	1	view_logentry
5	Can add permission	2	add_permission
6	Can change permission	2	change_permission
7	Can delete permission	2	delete_permission
8	Can view permission	2	view_permission
9	Can add group	3	add_group
10	Can change group	3	change_group
11	Can delete group	3	delete_group
12	Can view group	3	view_group
13	Can add user	4	add_user
14	Can change user	4	change_user
15	Can delete user	4	delete_user
16	Can view user	4	view_user
17	Can add content type	5	add_contenttype
18	Can change content type	5	change_contenttype
19	Can delete content type	5	delete_contenttype
20	Can view content type	5	view_contenttype
21	Can add session	6	add_session
22	Can change session	6	change_session
23	Can delete session	6	delete_session
24	Can view session	6	view_session
25	Can add Token	7	add_token
26	Can change Token	7	change_token
27	Can delete Token	7	delete_token
28	Can view Token	7	view_token
29	Can add token	8	add_tokenproxy
30	Can change token	8	change_tokenproxy
31	Can delete token	8	delete_tokenproxy
32	Can view token	8	view_tokenproxy
33	Can add company setup	9	add_companysetup
34	Can change company setup	9	change_companysetup
35	Can delete company setup	9	delete_companysetup
36	Can view company setup	9	view_companysetup
37	Can add control objective	10	add_controlobjective
38	Can change control objective	10	change_controlobjective
39	Can delete control objective	10	delete_controlobjective
40	Can view control objective	10	view_controlobjective
41	Can add department	11	add_department
42	Can change department	11	change_department
43	Can delete department	11	delete_department
44	Can view department	11	view_department
45	Can add doc comment	12	add_doccomment
46	Can change doc comment	12	change_doccomment
47	Can delete doc comment	12	delete_doccomment
48	Can view doc comment	12	view_doccomment
49	Can add sub department	13	add_subdepartment
50	Can change sub department	13	change_subdepartment
51	Can delete sub department	13	delete_subdepartment
52	Can view sub department	13	view_subdepartment
53	Can add control rating matrix	14	add_controlratingmatrix
54	Can change control rating matrix	14	change_controlratingmatrix
55	Can delete control rating matrix	14	delete_controlratingmatrix
56	Can view control rating matrix	14	view_controlratingmatrix
57	Can add risk assessment	15	add_riskassessment
58	Can change risk assessment	15	change_riskassessment
59	Can delete risk assessment	15	delete_riskassessment
60	Can view risk assessment	15	view_riskassessment
61	Can add risk matrix	16	add_riskmatrix
62	Can change risk matrix	16	change_riskmatrix
63	Can delete risk matrix	16	delete_riskmatrix
64	Can view risk matrix	16	view_riskmatrix
65	Can add risk plan	17	add_riskplan
66	Can change risk plan	17	change_riskplan
67	Can delete risk plan	17	delete_riskplan
68	Can view risk plan	17	view_riskplan
69	Can add risk prioritization	18	add_riskprioritization
70	Can change risk prioritization	18	change_riskprioritization
71	Can delete risk prioritization	18	delete_riskprioritization
72	Can view risk prioritization	18	view_riskprioritization
73	Can add risk register	19	add_riskregister
74	Can change risk register	19	change_riskregister
75	Can delete risk register	19	delete_riskregister
76	Can view risk register	19	view_riskregister
77	Can add risk repo	20	add_riskrepo
78	Can change risk repo	20	change_riskrepo
79	Can delete risk repo	20	delete_riskrepo
80	Can view risk repo	20	view_riskrepo
81	Can add profile	21	add_profile
82	Can change profile	21	change_profile
83	Can delete profile	21	delete_profile
84	Can view profile	21	view_profile
85	Can add annual plan	22	add_annualplan
86	Can change annual plan	22	change_annualplan
87	Can delete annual plan	22	delete_annualplan
88	Can view annual plan	22	view_annualplan
89	Can add audit engagement	23	add_auditengagement
90	Can change audit engagement	23	change_auditengagement
91	Can delete audit engagement	23	delete_auditengagement
92	Can view audit engagement	23	view_auditengagement
93	Can add audit engagement attachment	24	add_auditengagementattachment
94	Can change audit engagement attachment	24	change_auditengagementattachment
95	Can delete audit engagement attachment	24	delete_auditengagementattachment
96	Can view audit engagement attachment	24	view_auditengagementattachment
97	Can add audit program	25	add_auditprogram
98	Can change audit program	25	change_auditprogram
99	Can delete audit program	25	delete_auditprogram
100	Can view audit program	25	view_auditprogram
101	Can add audit program repo	26	add_auditprogramrepo
102	Can change audit program repo	26	change_auditprogramrepo
103	Can delete audit program repo	26	delete_auditprogramrepo
104	Can view audit program repo	26	view_auditprogramrepo
105	Can add audit program attachment	27	add_auditprogramattachment
106	Can change audit program attachment	27	change_auditprogramattachment
107	Can delete audit program attachment	27	delete_auditprogramattachment
108	Can view audit program attachment	27	view_auditprogramattachment
109	Can add control	28	add_control
110	Can change control	28	change_control
111	Can delete control	28	delete_control
112	Can view control	28	view_control
113	Can add policy	29	add_policy
114	Can change policy	29	change_policy
115	Can delete policy	29	delete_policy
116	Can view policy	29	view_policy
117	Can add regulatory laws	30	add_regulatorylaws
118	Can change regulatory laws	30	change_regulatorylaws
119	Can delete regulatory laws	30	delete_regulatorylaws
120	Can view regulatory laws	30	view_regulatorylaws
121	Can add issue control	31	add_issuecontrol
122	Can change issue control	31	change_issuecontrol
123	Can delete issue control	31	delete_issuecontrol
124	Can view issue control	31	view_issuecontrol
125	Can add Password Reset Token	32	add_resetpasswordtoken
126	Can change Password Reset Token	32	change_resetpasswordtoken
127	Can delete Password Reset Token	32	delete_resetpasswordtoken
128	Can view Password Reset Token	32	view_resetpasswordtoken
\.


--
-- Data for Name: auth_user; Type: TABLE DATA; Schema: public; Owner: riskmanagement_user_admin
--

COPY public.auth_user (id, password, last_login, is_superuser, username, first_name, last_name, email, is_staff, is_active, date_joined, department, password_reset_token, usertype) FROM stdin;
1	pbkdf2_sha256$390000$q4owFOZi4JFl8KbDQgpxZO$lpwOqAqgTl7avAHRNDGqq3fvc6e47sX+9g0g8oVUF6A=	2023-07-07 13:58:27+00	t	riskAdmin			riskAdmin@gmail.com	t	t	2023-07-07 13:56:01+00	\N	\N	\N
14	pbkdf2_sha256$390000$DEXlCf8ZcKcCVyfx3R5Mkp$wbt6ZczTnTDcKZO04kKC6Bq28xk8Rp9GNGAurYcANq4=	2023-09-07 06:08:48+00	t	admin2	Waseem	anis	waseemmanis@gmail.com	t	t	2023-09-07 06:08:30+00	\N	\N	\N
2	pbkdf2_sha256$390000$wVRlcsAg384gMQAj39JViM$VquWzetRrBLdIGuTA6CwxQjYxCagKmFEAYByjSN7faI=	\N	f	admin	admin	admin	admin@dsmpk.com	f	t	2023-07-07 14:05:51.894941+00	[1,3,4,7,8,9,10,11,12,13,14,5,6,15,2]	\N	Head
4	pbkdf2_sha256$390000$0RVCBGoC4xPxS8C2My96aX$CqPc1WYewwMHOcawhynj/by15F1leh+jgIjz4G50hj0=	\N	f	Nawaz	Muhammad	Nawaz	m.nawaz@dsmpk.com	f	t	2023-07-08 06:37:04.622386+00	[1,3,4,7,8,9,10,11,12,13,14,5,6,15,2]	\N	Basic
5	pbkdf2_sha256$390000$PvCQWk3NQC4VZnOqwgjcZI$qcHzOJKQbdty0caO1sSyN39aemLxfEvNamlyMv/Dr5Q=	\N	f	Zohaib	Zohaib	Qamer	zohaib.qamer@dsmpk.com	f	t	2023-07-08 09:37:24.263263+00	[3,1,10,12]	\N	Department
7	pbkdf2_sha256$390000$ObCw4MqWtNRahcJCzd6Tsm$LgG9Ec9bPMbqRc3GRLSQ0ea++3aD8zASSHS3UAQrXMw=	\N	f	Asad	Asad	Sohail	asad.sohail@dsmpk.com	f	t	2023-07-08 11:20:12.49026+00	[1,3,4,7,8,9,10,11,12,13,14,5,6,15,2]	\N	Basic
9	pbkdf2_sha256$390000$rjHREKXsZ7HXJMCgcgkH4p$3qOzh7q86fifLoRvewGogD8Tyl42cbe6wvf6kzcyPu8=	\N	f	Bilal	Bilal	Ahmed	bilal.ahmed@dsmpk.com	f	t	2023-07-12 04:48:39.536362+00	[1,3,4,7,8,9,10,11,12,14,5,6,15,17,2]	\N	Head
10	pbkdf2_sha256$390000$GkjPqxCC76ciwc5mUM153x$x4t9bYRTaKbuk6b8T5sG/kud+HGRsEk8IM9ZgrN3XHs=	\N	f	Amir	Amir	Alam	amir.alam@dsmpk.com	f	t	2023-07-12 06:30:00.558455+00	[1,3,4,7,8,9,10,11,12,14,5,6,15,17,2]	\N	Basic
\.


--
-- Data for Name: auth_user_groups; Type: TABLE DATA; Schema: public; Owner: riskmanagement_user_admin
--

COPY public.auth_user_groups (id, user_id, group_id) FROM stdin;
1	1	1
2	1	2
3	1	3
4	1	4
5	1	5
6	1	6
7	1	7
8	1	8
9	1	9
10	1	10
11	1	11
12	1	12
13	1	13
14	1	14
15	1	15
31	2	1
32	2	2
33	2	3
34	2	4
35	2	5
36	2	6
37	2	7
38	2	8
39	2	9
40	2	10
41	2	11
42	2	12
43	2	13
44	2	14
45	2	15
181	7	1
182	7	2
183	7	3
184	7	4
185	7	5
186	7	6
187	7	7
188	7	8
189	7	9
190	7	10
191	7	11
192	7	12
193	7	13
194	7	14
195	7	15
91	4	1
92	4	2
93	4	3
94	4	4
95	4	5
96	4	6
97	4	7
98	4	8
99	4	9
100	4	10
101	4	11
102	4	12
103	4	13
104	4	14
105	4	15
316	14	1
317	14	2
318	14	3
319	14	4
320	14	5
321	14	6
322	14	7
323	14	8
324	14	9
325	14	10
326	14	11
327	14	12
328	14	13
329	14	14
330	14	15
121	5	1
122	5	2
123	5	3
124	5	4
125	5	5
126	5	6
127	5	7
128	5	8
129	5	9
130	5	10
131	5	11
132	5	12
133	5	13
134	5	14
135	5	15
226	9	1
227	9	2
228	9	3
229	9	4
230	9	5
231	9	6
232	9	7
233	9	8
234	9	9
235	9	10
236	9	11
237	9	12
238	9	13
239	9	14
240	9	15
256	10	1
257	10	2
258	10	3
259	10	4
260	10	5
261	10	6
262	10	7
263	10	8
264	10	9
265	10	10
266	10	11
267	10	12
268	10	13
269	10	14
270	10	15
\.


--
-- Data for Name: auth_user_user_permissions; Type: TABLE DATA; Schema: public; Owner: riskmanagement_user_admin
--

COPY public.auth_user_user_permissions (id, user_id, permission_id) FROM stdin;
\.


--
-- Data for Name: authtoken_token; Type: TABLE DATA; Schema: public; Owner: riskmanagement_user_admin
--

COPY public.authtoken_token (key, created, user_id) FROM stdin;
9b1bec415b7b0b77b8ec7f51d91cf2f1a3f09073	2023-07-07 13:59:55.423934+00	1
acd8866ce3261f9758621556e450b4a4440a2a8e	2023-07-12 06:49:42.391156+00	10
19f8d851d26a01adaa0a5f78bddb0b789a077f8b	2023-07-12 10:02:18.612509+00	5
7fcd9146668bc5731de32a410128c78c7283afea	2023-09-05 14:25:51.278244+00	2
\.


--
-- Data for Name: django_admin_log; Type: TABLE DATA; Schema: public; Owner: riskmanagement_user_admin
--

COPY public.django_admin_log (id, action_time, object_id, object_repr, action_flag, change_message, content_type_id, user_id) FROM stdin;
1	2023-07-07 13:58:47.981984+00	1	riskAdmin	2	[{"changed": {"fields": ["Groups"]}}]	4	1
2	2023-07-08 08:24:06.764397+00	1	RiskRegister object (1)	3		19	1
3	2023-07-08 08:24:20.666766+00	2	RiskRegister object (2)	3		19	1
4	2023-07-08 08:24:35.758687+00	3	RiskRegister object (3)	3		19	1
5	2023-07-08 08:24:50.162204+00	4	RiskRegister object (4)	3		19	1
6	2023-07-08 08:25:05.003068+00	5	RiskRegister object (5)	3		19	1
7	2023-07-08 08:25:18.463289+00	6	RiskRegister object (6)	3		19	1
8	2023-07-08 08:25:33.40092+00	7	RiskRegister object (7)	3		19	1
9	2023-07-08 08:25:53.217676+00	8	RiskRegister object (8)	3		19	1
10	2023-07-08 08:26:08.60089+00	9	RiskRegister object (9)	3		19	1
11	2023-07-08 08:26:22.725788+00	10	RiskRegister object (10)	3		19	1
12	2023-07-08 10:23:05.084565+00	21	RiskRegister object (21)	3		19	1
13	2023-07-08 10:23:05.404013+00	20	RiskRegister object (20)	3		19	1
14	2023-07-08 10:23:05.444218+00	19	RiskRegister object (19)	3		19	1
15	2023-07-08 10:23:05.484249+00	18	RiskRegister object (18)	3		19	1
16	2023-07-08 10:23:05.524225+00	17	RiskRegister object (17)	3		19	1
17	2023-07-08 10:23:05.564247+00	16	RiskRegister object (16)	3		19	1
18	2023-07-08 10:23:05.604755+00	15	RiskRegister object (15)	3		19	1
19	2023-07-08 10:23:05.644404+00	14	RiskRegister object (14)	3		19	1
20	2023-07-08 10:23:05.7068+00	13	RiskRegister object (13)	3		19	1
21	2023-07-08 10:23:05.744785+00	12	RiskRegister object (12)	3		19	1
22	2023-07-08 10:23:05.785669+00	11	RiskRegister object (11)	3		19	1
30	2023-09-07 06:09:05.696177+00	14	admin2	2	[{"changed": {"fields": ["Groups"]}}]	4	14
31	2023-09-07 06:10:05.959754+00	14	admin2	2	[{"changed": {"fields": ["First name", "Last name"]}}]	4	14
\.


--
-- Data for Name: django_content_type; Type: TABLE DATA; Schema: public; Owner: riskmanagement_user_admin
--

COPY public.django_content_type (id, app_label, model) FROM stdin;
1	admin	logentry
2	auth	permission
3	auth	group
4	auth	user
5	contenttypes	contenttype
6	sessions	session
7	authtoken	token
8	authtoken	tokenproxy
9	master_app	companysetup
10	master_app	controlobjective
11	master_app	department
12	master_app	doccomment
13	master_app	subdepartment
14	risk_app	controlratingmatrix
15	risk_app	riskassessment
16	risk_app	riskmatrix
17	risk_app	riskplan
18	risk_app	riskprioritization
19	risk_app	riskregister
20	risk_app	riskrepo
21	risk_app	profile
22	audit_app	annualplan
23	audit_app	auditengagement
24	audit_app	auditengagementattachment
25	audit_app	auditprogram
26	audit_app	auditprogramrepo
27	audit_app	auditprogramattachment
28	policy_app	control
29	policy_app	policy
30	policy_app	regulatorylaws
31	policy_app	issuecontrol
32	django_rest_passwordreset	resetpasswordtoken
\.


--
-- Data for Name: django_migrations; Type: TABLE DATA; Schema: public; Owner: riskmanagement_user_admin
--

COPY public.django_migrations (id, app, name, applied) FROM stdin;
1	contenttypes	0001_initial	2023-07-07 13:54:30.395822+00
2	auth	0001_initial	2023-07-07 13:54:31.477201+00
3	admin	0001_initial	2023-07-07 13:54:31.737369+00
4	admin	0002_logentry_remove_auto_add	2023-07-07 13:54:31.976693+00
5	admin	0003_logentry_add_action_flag_choices	2023-07-07 13:54:32.179702+00
6	master_app	0001_initial	2023-07-07 13:54:32.619309+00
7	risk_app	0001_initial	2023-07-07 13:54:33.763598+00
8	policy_app	0001_initial	2023-07-07 13:54:36.926133+00
9	audit_app	0001_initial	2023-07-07 13:54:37.709972+00
10	audit_app	0002_initial	2023-07-07 13:54:39.835204+00
11	contenttypes	0002_remove_content_type_name	2023-07-07 13:54:40.537899+00
12	auth	0002_alter_permission_name_max_length	2023-07-07 13:54:41.595591+00
13	auth	0003_alter_user_email_max_length	2023-07-07 13:54:41.716992+00
14	auth	0004_alter_user_username_opts	2023-07-07 13:54:41.835595+00
15	auth	0005_alter_user_last_login_null	2023-07-07 13:54:41.957+00
16	auth	0006_require_contenttypes_0002	2023-07-07 13:54:41.996038+00
17	auth	0007_alter_validators_add_error_messages	2023-07-07 13:54:42.156794+00
18	auth	0008_alter_user_username_max_length	2023-07-07 13:54:42.336707+00
19	auth	0009_alter_user_last_name_max_length	2023-07-07 13:54:42.699504+00
20	auth	0010_alter_group_name_max_length	2023-07-07 13:54:43.057034+00
21	auth	0011_update_proxy_permissions	2023-07-07 13:54:43.418884+00
22	auth	0012_alter_user_first_name_max_length	2023-07-07 13:54:43.540047+00
23	auth	0013_group_key	2023-07-07 13:54:43.779429+00
24	auth	0014_user_department_user_usertype	2023-07-07 13:54:44.180727+00
25	auth	0015_remove_group_key_remove_user_department_and_more	2023-07-07 13:54:44.48255+00
26	auth	0016_group_key_user_department_user_password_reset_token_and_more	2023-07-07 13:54:45.203969+00
27	auth	0017_remove_group_key_remove_user_department_and_more	2023-07-07 13:54:45.585931+00
28	auth	0018_group_key_user_department_user_password_reset_token_and_more	2023-07-07 13:54:46.027068+00
29	auth	0019_remove_group_key_remove_user_department_and_more	2023-07-07 13:54:46.709373+00
30	auth	0020_group_key_user_department_user_password_reset_token_and_more	2023-07-07 13:54:47.170778+00
31	authtoken	0001_initial	2023-07-07 13:54:47.852019+00
32	authtoken	0002_auto_20160226_1747	2023-07-07 13:54:48.628876+00
33	authtoken	0003_tokenproxy	2023-07-07 13:54:48.671493+00
34	django_rest_passwordreset	0001_initial	2023-07-07 13:54:49.252234+00
35	django_rest_passwordreset	0002_pk_migration	2023-07-07 13:54:50.396254+00
36	django_rest_passwordreset	0003_allow_blank_and_null_fields	2023-07-07 13:54:50.661585+00
37	master_app	0002_initial	2023-07-07 13:54:52.507851+00
38	sessions	0001_initial	2023-07-07 13:54:52.745303+00
39	policy_app	0002_alter_regulatorylaws_file	2023-07-11 14:13:23.525377+00
40	audit_app	0003_remove_auditprogram_file_name_and_more	2023-07-12 11:03:06.494875+00
\.


--
-- Data for Name: django_rest_passwordreset_resetpasswordtoken; Type: TABLE DATA; Schema: public; Owner: riskmanagement_user_admin
--

COPY public.django_rest_passwordreset_resetpasswordtoken (created_at, key, ip_address, user_agent, user_id, id) FROM stdin;
\.


--
-- Data for Name: django_session; Type: TABLE DATA; Schema: public; Owner: riskmanagement_user_admin
--

COPY public.django_session (session_key, session_data, expire_date) FROM stdin;
ttym0hg9r9fk96tfmouv04zicvon99m2	.eJxVjMsOwiAQRf-FtSE8BVy67zeQGRikaiAp7cr479qkC93ec859sQjbWuM2aIlzZhcm2el3Q0gPajvId2i3zlNv6zIj3xV-0MGnnul5Pdy_gwqjfusgjSAvhVROlADnRBYBTbBOCe281b4kbREpy6wBlaJSCJQOwlkjS2DvD8rON5o:1qHlyd:-mtmBo4h5M-1-2YtQPiBOBPoArrQXnJYnKpffgaZFfE	2023-07-21 13:58:27.894078+00
7kwku8adv6vuhot8330m5lk9m9xrwatc	.eJxVjEEOwiAQAP_C2RBYWko9eu8byAK7UjWQlPZk_Lsh6UGvM5N5C4_Hnv3RaPNrElehB3H5hQHjk0o36YHlXmWsZd_WIHsiT9vkUhO9bmf7N8jYcv-GiZiJFOOQIhgwCVwAbQLMYGczGXBWj-gsa8vEygVUcbSGndYqovh8ARIRN_Y:1qe8C8:Xyye5gtqrHzAlpKbSMFy3otxDNqhhv6Vv1iGV8eA0_E	2023-09-21 06:08:48.078473+00
\.


--
-- Data for Name: master_app_companysetup; Type: TABLE DATA; Schema: public; Owner: riskmanagement_user_admin
--

COPY public.master_app_companysetup (id, name, industry, company_domain, business_type) FROM stdin;
1	dsmpk	Finance Company	dsmpk.com	
\.


--
-- Data for Name: master_app_companysetup_departments; Type: TABLE DATA; Schema: public; Owner: riskmanagement_user_admin
--

COPY public.master_app_companysetup_departments (id, companysetup_id, department_id) FROM stdin;
1	1	1
2	1	2
3	1	3
4	1	4
5	1	5
6	1	6
7	1	7
8	1	8
9	1	9
10	1	10
11	1	11
12	1	12
14	1	14
15	1	15
\.


--
-- Data for Name: master_app_controlobjective; Type: TABLE DATA; Schema: public; Owner: riskmanagement_user_admin
--

COPY public.master_app_controlobjective (id, title, description, responsible_person, frequency, category) FROM stdin;
1	Dolores et exercitat	Aut cum soluta volup	Sebastian Maynard	1	Compliance
2	Control Objective for Finance and treasury	Control Objective for Finance and treasury	Hamza	1	Governance
3	Control Objective for customer care	Control Objective for customer care	Mubeen	1	Compliance
4	Control Objective for Human Resources	Control Objective Repository and Regulatory Law for Audit Engagement of Human Resources	mubeen	1	Operational
5	Control objective for Asad's company	Control objective for Asad's company	Zohaib	1	Operational
6	Budgeting & Control Control objective / Budgeting & Control	Budgeting & Control Control objective / Budgeting & Control	Zohaib Qamer	1	Operational
8	objective control for legal services	policy for legal services	Zohaib Qamer	1	Operational
\.


--
-- Data for Name: master_app_controlobjective_policy; Type: TABLE DATA; Schema: public; Owner: riskmanagement_user_admin
--

COPY public.master_app_controlobjective_policy (id, controlobjective_id, policy_id) FROM stdin;
1	1	1
2	2	2
3	2	3
4	3	4
5	3	5
6	4	1
7	4	6
8	5	9
10	6	9
11	6	10
13	8	13
\.


--
-- Data for Name: master_app_department; Type: TABLE DATA; Schema: public; Owner: riskmanagement_user_admin
--

COPY public.master_app_department (id, name, slug) FROM stdin;
1	Customer Care	Customer Care
3	Finance / Treasury	Finance / Treasury
4	Operations	Operations
7	Budgeting & Control	Budgeting & Control
8	Legal	Legal
9	IT	IT
10	Human Resource	Human Resource
11	Strategy	Strategy
12	Risk	Risk
14	Internal Audit	Internal Audit
5	Credit Function	Credit Function
6	Product Development	Product Development
15	Administration	Administration
17	Compaliance	Compaliance
18	Sales	Sales
2	Business Development	Business Development
\.


--
-- Data for Name: master_app_doccomment; Type: TABLE DATA; Schema: public; Owner: riskmanagement_user_admin
--

COPY public.master_app_doccomment (id, "belogTo", "docId", comment) FROM stdin;
1	risk	Riskrepo-2 for the customer care service 2_1	Risk repo for the customer care change it
2	audit_program	16	result is not good do it again
3	audit_program	16	the result is not good to do it again
4	audit_program	16	the result is not good to do it again
5	audit_program	16	the result is not good to do it again
6	audit_program	16	the result is not good to do it again
7	audit_program	16	the result is not good to do it again
8	audit_program	16	the result is not good to do it again
9	audit_program	16	change it
10	audit_program	16	change it
11	audit_program	16	change it
12	auditEngagement	12_8	change it
13	audit_program	23	change it
\.


--
-- Data for Name: master_app_subdepartment; Type: TABLE DATA; Schema: public; Owner: riskmanagement_user_admin
--

COPY public.master_app_subdepartment (id, name, slug, department_id) FROM stdin;
1	Sub costumer	Sub costumer	1
2	Sub Finance	Sub Finance	3
3	IT sub department	IT sub department	9
4	Sub Risk department	Sub Risk department	12
5	Sub Operation	Sub Operation	4
6	Sub Control and Budgeting	Sub Control and Budgeting	7
7	Sub Legal Services	Sub Legal Services	8
8	SALES	SALES	18
\.


--
-- Data for Name: policy_app_control; Type: TABLE DATA; Schema: public; Owner: riskmanagement_user_admin
--

COPY public.policy_app_control (id, description, responsible_person, responsible_manager, status, is_critical, issue_reference_number, issue_creation_date, assign_to, assign_to_manager, short_description, propose_action_plan, issue_status) FROM stdin;
1	Tamara Kemp	Ava Lang	Nesciunt tempor dol	Non-Compliant	t	Jack Neal	2010-01-28	Jeremy Cannon	Maile Owens	Guy Workman	Henry Rodriquez	Open
2	Control for the customer care	Hamza	Ali Shah	Non-Compliant	t	adc00123	2022-02-08	Hamza	Ali Shah	Risk repo for the customer care	Risk repo for the customer care	Open
3	Blaze Mcneil	Fritz Leon	Deleniti officia max	Non-Compliant	t	Ali Trujillo	1976-08-13	Blaze Cotton	Channing Stuart	Christian Shepherd	Hayden Glenn	Resolve
4	Control for Finance and treasury	mubeen	Muhammad Nawaz	Compliant	t		2023-07-08					
5	Control  Audit of Human Resources	mubeen	Zohaib Qamer	Non-Compliant	t	asd78012	2023-07-13	mubeen	Zohaib Qamer	Control Objective Repository and Regulatory Law for Audit Engagement of Human Resources	Control Objective Repository and Regulatory Law for Audit Engagement of Human Resources	Open
6	Control for Asad's company	asad	Zohaib Qamer	Non-Compliant	t	qe1234	2023-07-12	Asad	Zohaib	Control objective for Asad's company	Control objective for Asad's company	Open
7	Budgeting & Control Controls / Budgeting & Control	Zohaib Qamer	Asad Sohail	Non-Compliant	t	asd09123	2023-07-18	Asad Sohail	Zohaib Qamer	Budgeting & Control Control objective / Budgeting & Control	Budgeting & Control Control objective / Budgeting & Control	Open
10	control for legal services	Asad Sohail	Zohaib Qamer	Non-Compliant	t	ASD123098	2023-07-14	Zohaib Qamer	Bilal	policy for legal services	policy for legal services	Open
\.


--
-- Data for Name: policy_app_control_control_objective; Type: TABLE DATA; Schema: public; Owner: riskmanagement_user_admin
--

COPY public.policy_app_control_control_objective (id, control_id, controlobjective_id) FROM stdin;
1	1	1
2	2	3
3	3	1
4	3	2
5	4	2
6	5	1
7	5	4
8	6	4
9	6	5
10	7	5
11	7	6
14	10	8
\.


--
-- Data for Name: policy_app_control_departments; Type: TABLE DATA; Schema: public; Owner: riskmanagement_user_admin
--

COPY public.policy_app_control_departments (id, control_id, department_id) FROM stdin;
1	1	1
2	1	3
3	2	1
4	2	12
5	3	1
6	3	3
7	4	3
8	4	12
9	5	9
10	5	10
11	6	8
13	7	8
14	7	7
17	10	8
\.


--
-- Data for Name: policy_app_control_policy; Type: TABLE DATA; Schema: public; Owner: riskmanagement_user_admin
--

COPY public.policy_app_control_policy (id, control_id, policy_id) FROM stdin;
1	1	1
2	2	4
3	2	5
4	3	1
5	3	2
6	4	2
7	4	3
8	5	1
9	5	6
10	6	9
12	7	9
13	7	10
16	10	13
\.


--
-- Data for Name: policy_app_control_regulatory_laws; Type: TABLE DATA; Schema: public; Owner: riskmanagement_user_admin
--

COPY public.policy_app_control_regulatory_laws (id, control_id, regulatorylaws_id) FROM stdin;
1	1	1
2	2	3
3	3	2
4	3	3
5	4	2
6	5	1
7	5	4
8	6	4
9	6	5
10	7	9
11	7	4
14	10	11
\.


--
-- Data for Name: policy_app_issuecontrol; Type: TABLE DATA; Schema: public; Owner: riskmanagement_user_admin
--

COPY public.policy_app_issuecontrol (id, issue_reference_number, issue_creation_date, issue_status, assign_to, assign_to_manager, short_description, propose_action_plan, control_id, control_objective_id) FROM stdin;
\.


--
-- Data for Name: policy_app_policy; Type: TABLE DATA; Schema: public; Owner: riskmanagement_user_admin
--

COPY public.policy_app_policy (id, name, owner, state, file_name, file, date_approval, policy_edit, policy_text, review_date) FROM stdin;
1	Noah Bernard	Accusamus quidem ips	Draft	Screenshot from 2023-07-06 15-34-33.png	policy_file/Screenshot_from_2023-07-06_15-34-33.png	2023-07-06		Officiis saepe sunt	2023-07-06
2	Risk repo for the Finance and treasury / Finance / Treasury	Muhammad Nawaz	Draft	Screenshot from 2023-07-08 10-01-53.png	policy_file/Screenshot_from_2023-07-08_10-01-53.png	2023-07-12		Risk repo for the Finance and treasury / Finance / Treasury	2023-07-14
3	Risk repo 2 for the Finance and treasury / Finance / Treasury service 2	Muhammad Nawaz	Draft	question.png	policy_file/question.png	2023-07-12		Risk repo for the Finance and treasury / Finance / Treasury	2023-07-14
4	Policy Repository for Customer care	Ali Shah	Draft	Screenshot from 2023-07-08 10-01-53.png	policy_file/Screenshot_from_2023-07-08_10-01-53_Qfozo2m.png	2023-07-14		Policy Repository for Customer care	2023-07-21
5	Policy Repository 2 for Customer care  service 2	Ali Shah	Draft	question.png	policy_file/question_W111eyj.png	2023-07-17		Policy Repository for Customer care	2023-07-27
6	Policy Repository Audit Engagement of Human Resources	Zohaib Qamer	Draft	Screenshot from 2023-07-08 13-01-11.png	policy_file/Screenshot_from_2023-07-08_13-01-11.png	2023-07-27		Policy Repository Audit Engagement of Human Resources	2023-08-03
9	Asad's Company Policy and Repo	Asad	Draft	risk errors doc.odt	policy_file/risk_errors_doc_g5WYSsJ.odt	2023-07-11		Asad's Company Policy and Repo	2023-07-19
10	Budgeting & Control policy repository / Budgeting & Control	Bilal Ahmed	Draft	Screenshot from 2023-07-11 20-54-39.png	policy_file/Screenshot_from_2023-07-11_20-54-39.png	2023-07-14		Budgeting & Control Audit Plans / Budgeting & Control	2023-07-17
13	risk for legal services	Bilal	Draft	Screenshot from 2023-07-12 11-35-56.png	policy_file/Screenshot_from_2023-07-12_11-35-56.png	2023-07-14		policy for legal services	2023-07-17
\.


--
-- Data for Name: policy_app_policy_departments; Type: TABLE DATA; Schema: public; Owner: riskmanagement_user_admin
--

COPY public.policy_app_policy_departments (id, policy_id, department_id) FROM stdin;
1	1	1
2	1	7
3	2	3
4	2	12
5	3	1
6	3	3
7	4	1
8	4	10
9	5	1
10	5	12
11	6	9
12	6	10
19	9	8
20	9	4
21	10	8
22	10	7
26	13	8
\.


--
-- Data for Name: policy_app_regulatorylaws; Type: TABLE DATA; Schema: public; Owner: riskmanagement_user_admin
--

COPY public.policy_app_regulatorylaws (id, name, owner, state, file_name, file) FROM stdin;
3	Regulatory Law for Customer care 55555	Ali Shah	Approved	Screenshot from 2023-07-08 11-27-22.png	regulatory_law_file/Screenshot_from_2023-07-08_11-27-22_b5e4Kcl.png
2	Risk repo for the Finance and treasury / Finance / Treasury	Muhammad Nawaz	Approved	pulling code	regulatory_law_file/Screenshot_from_2023-07-08_11-27-22.png
6	Voluptates et minima	Eligendi irure ipsa	Approved	Screenshot from 2023-07-07 18-50-30.png	regulatory_law_file/Screenshot_from_2023-07-07_18-50-30.png
5	Asad's Company Regulatory Law	Asad	Approved	Screenshot from 2023-07-08 13-01-11.png	regulatory_law_file/Screenshot_from_2023-07-08_13-10-08.png
4	Policy Repository and Regulatory Law for Audit Engagement of Human Resources	Zohaib Qamer	Approved	risk errors doc.odt	regulatory_law_file/risk_errors_doc.odt
1	Nesciunt ut magnam	Mollitia irure id i	Approved	Screenshot from 2023-07-06 15-34-33.png	regulatory_law_file/Screenshot_from_2023-07-06_15-34-33_4FQivNi.png
9	Budgeting & Control regulatory laws / Budgeting & Control	Bilal Ahmed	Approved	Screenshot from 2023-07-11 01-57-16.png	regulatory_law_file/Screenshot_from_2023-07-11_01-57-16.png
11	policy for legal services	Bilal	Draft	Screenshot from 2023-07-11 01-58-39.png	regulatory_law_file/Screenshot_from_2023-07-11_01-58-39.png
\.


--
-- Data for Name: policy_app_regulatorylaws_departments; Type: TABLE DATA; Schema: public; Owner: riskmanagement_user_admin
--

COPY public.policy_app_regulatorylaws_departments (id, regulatorylaws_id, department_id) FROM stdin;
1	1	1
2	2	3
3	3	1
4	4	10
5	5	4
6	6	9
9	9	7
11	11	8
\.


--
-- Data for Name: policy_app_regulatorylaws_policy; Type: TABLE DATA; Schema: public; Owner: riskmanagement_user_admin
--

COPY public.policy_app_regulatorylaws_policy (id, regulatorylaws_id, policy_id) FROM stdin;
1	1	1
2	2	2
3	2	3
4	3	4
5	3	5
6	4	1
7	4	6
8	5	9
9	5	5
10	6	1
11	6	2
12	6	3
13	6	4
14	6	5
15	6	6
17	6	9
22	9	9
23	9	10
26	11	13
27	11	10
\.


--
-- Data for Name: risk_app_controlratingmatrix; Type: TABLE DATA; Schema: public; Owner: riskmanagement_user_admin
--

COPY public.risk_app_controlratingmatrix (id, design, effectiveness, formula, overall_rating, control_score) FROM stdin;
\.


--
-- Data for Name: risk_app_profile; Type: TABLE DATA; Schema: public; Owner: riskmanagement_user_admin
--

COPY public.risk_app_profile (id, bio, location, birth_date, company_id, user_id) FROM stdin;
\.


--
-- Data for Name: risk_app_profile_departments; Type: TABLE DATA; Schema: public; Owner: riskmanagement_user_admin
--

COPY public.risk_app_profile_departments (id, profile_id, department_id) FROM stdin;
\.


--
-- Data for Name: risk_app_riskassessment; Type: TABLE DATA; Schema: public; Owner: riskmanagement_user_admin
--

COPY public.risk_app_riskassessment (id, category, risk_appetite_statement, description, responisble_department_id, key_risk_indicators, risk_appetite, date_of_assessment, kri_reporting, previous_assessment) FROM stdin;
\.


--
-- Data for Name: risk_app_riskmatrix; Type: TABLE DATA; Schema: public; Owner: riskmanagement_user_admin
--

COPY public.risk_app_riskmatrix (id, likehood, impact, combine, score, likehood_rate, impact_rate, score_rate) FROM stdin;
\.


--
-- Data for Name: risk_app_riskplan; Type: TABLE DATA; Schema: public; Owner: riskmanagement_user_admin
--

COPY public.risk_app_riskplan (id, title, departments) FROM stdin;
\.


--
-- Data for Name: risk_app_riskprioritization; Type: TABLE DATA; Schema: public; Owner: riskmanagement_user_admin
--

COPY public.risk_app_riskprioritization (id, score, rating, priority, color_code) FROM stdin;
\.


--
-- Data for Name: risk_app_riskregister; Type: TABLE DATA; Schema: public; Owner: riskmanagement_user_admin
--

COPY public.risk_app_riskregister (id, department_id, sub_department, file_name, file, status, title, root_cause, consequence, category, function_owner, risk_owner, risk_champion, inherent_risk_rating_likehood, inherent_risk_rating_impact, inherent_risk_rating_rating, control_description, control_design_assessement, control_effectiveness_assessement, overall_control_rating, residual_risk_scoring_score, risk_responses, treatment_required, action_plan, action_plan_owner, implementation_date, parent_id, previous_assessment, updated_at, assessment_date, next_review_date, review_status) FROM stdin;
30	7	Sub Control and Budgeting	undefined		active	Budgeting & Control Risk	Budgeting & Control Risk	null	null	undefined	null	null	null	null	null	null	null	null	null	null	undefined	null	null	null	null	31	\N	\N	\N	\N	Added By Head
37	8	null	undefined		active	Legal Services Risk -2	Legal Services Risk	null	null	undefined	null	null	null	null	null	null	null	null	null	null	undefined	null	null	null	null	39	\N	\N	\N	\N	Added By Head
31	7	Sub Control and Budgeting	undefined	Risk_file/Screenshot_from_2023-07-11_20-54-39.png	active	Budgeting & Control Risk	Budgeting & Control Risk		Strategic	undefined	Bilal	Asad Sohail	Rare	Major	Medium	Budgeting & Control Risk	Limited	Limited	Absent	High	undefined	Yes	Budgeting & Control Risk	Zohaib Qamer	Thu Jul 13 2023 00:00:00 GMT+0500 (Pakistan Standard Time)	32	\N	\N	\N	\N	Approved
22	1	\N			active	Corrupti quisquam t	Omnis velit nulla do	\N	\N	\N	\N	\N	\N	\N	\N	\N	\N	\N	\N	\N	\N	\N	\N	\N	\N	\N	\N	\N	\N	\N	Added By Head
23	1	\N			active	Ratione dolor minima	Qui corporis laboris	\N	\N	\N	\N	\N	\N	\N	\N	\N	\N	\N	\N	\N	\N	\N	\N	\N	\N	\N	\N	\N	\N	\N	Added By Head
24	3	\N			active	Policies and procedures not available / reviewed	Non development/ updation of finance policies and procedures and their approval by competent authority resulting in lack of role clarity and operational and financial reporting risk to Alraedah.	\N	\N	\N	\N	\N	\N	\N	\N	\N	\N	\N	\N	\N	\N	\N	\N	\N	\N	\N	\N	\N	\N	\N	Added By Head
25	4	\N			active	Ducimus dolore sint	Laborum accusantium	\N	\N	\N	\N	\N	\N	\N	\N	\N	\N	\N	\N	\N	\N	\N	\N	\N	\N	\N	\N	\N	\N	\N	Added By Head
27	10	null	Screenshot from 2023-07-08 13-01-11.png	Risk_file/Screenshot_from_2023-07-08_13-01-11_ciIOK1W.png	active	Human resourcs	Human resourcs		Operational	null	Zohaib	Mubeen	Almost Certain	Severe	Critical	Human resources	Limited	Limited	Absent	Critical	1	Yes	Human resources	Zohaib	Mon Jul 10 2023 00:00:00 GMT+0500 (Pakistan Standard Time)	\N	\N	\N	\N	\N	Added By Head
26	10	null	undefined		active	Human resourcs	Human resourcs	null	null	undefined	null	null	null	null	null	null	null	null	null	null	undefined	null	null	null	null	27	\N	\N	\N	\N	Added By Head
28	4	Sub Operation	undefined		active	Risk for asad's company	Risk for Asad's company	null	null	undefined	null	null	null	null	null	null	null	null	null	null	undefined	null	null	null	null	29	\N	\N	\N	\N	Added By Head
29	4	Sub Operation	risk errors doc.odt	Risk_file/risk_errors_doc.odt	active	Risk for asad's company	Risk for Asad's company		Operational	null	Asad	Zohaib	Possible	Major	Medium	Risk for asad's company	Limited	Strong	Good	Low	1	Yes	Risk for Asad's company	Asad	Mon Jul 10 2023 00:00:00 GMT+0500 (Pakistan Standard Time)	\N	\N	\N	\N	\N	Approved
33	7	Sub Control and Budgeting			active	Budgeting & Control Risk	Budgeting & Control Risk		Strategic	null	Bilal	Asad Sohail	Rare	Major	Medium	Budgeting & Control Risk	Limited	Limited	Absent	High	1	Yes	Budgeting & Control Risk	Zohaib Qamer	Thu Jul 13 2023 00:00:00 GMT+0500 (Pakistan Standard Time)	\N	\N	\N	\N	\N	Sended for Review
32	7	Sub Control and Budgeting	undefined		active	Budgeting & Control Risk	Budgeting & Control Risk		Strategic	undefined	Bilal	Asad Sohail	Rare	Major	Medium	Budgeting & Control Risk	Limited	Limited	Absent	High	undefined	Yes	Budgeting & Control Risk	Zohaib Qamer	Thu Jul 13 2023 00:00:00 GMT+0500 (Pakistan Standard Time)	33	\N	\N	\N	\N	Sended for Review
34	8	Sub Legal Services	undefined		active	Legal Services Risk	Legal Services Risk	null	null	undefined	null	null	null	null	null	null	null	null	null	null	undefined	null	null	null	null	35	\N	\N	\N	\N	Added By Head
35	8	Sub Legal Services	undefined	Risk_file/Screenshot_from_2023-07-12_10-53-09.png	active	Legal Services Risk	Legal Services Risk		Legal & Regulatory	undefined	Bilal Ahmed	Asad Sohail	Possible	Major	Medium	Legal Services Risk	Strong	Limited	Good	Low	undefined	Yes	Legal Services Risk	Zohaib Qamer	Thu Jul 13 2023 00:00:00 GMT+0500 (Pakistan Standard Time)	36	\N	\N	\N	\N	Added By Head
40	8	Sub Legal Services	undefined		active	Legal services of Risk -2	Legal services of Risk -2	null	null	undefined	null	null	null	null	null	null	null	null	null	null	undefined	null	null	null	null	41	\N	\N	\N	\N	Draft
43	8	\N			active	Promissory notes are expired and not renewed	Promissory notes obtained in favor of Alraedah from borrowers are expired and not renewed before expiry.	\N	\N	\N	\N	\N	\N	\N	\N	\N	\N	\N	\N	\N	\N	\N	\N	\N	\N	\N	\N	\N	\N	\N	Draft
44	8	\N			active	Inadequate guidance for selling collateral real estate	Legal departmemt's policies and procedures are not detailed to guide and oversee the process of selling collateral assets.	\N	\N	\N	\N	\N	\N	\N	\N	\N	\N	\N	\N	\N	\N	\N	\N	\N	\N	\N	\N	\N	\N	\N	Draft
\.


--
-- Data for Name: risk_app_riskrepo; Type: TABLE DATA; Schema: public; Owner: riskmanagement_user_admin
--

COPY public.risk_app_riskrepo (id, title, department_id, description) FROM stdin;
\.


--
-- Name: audit_app_annualplan_id_seq; Type: SEQUENCE SET; Schema: public; Owner: riskmanagement_user_admin
--

SELECT pg_catalog.setval('public.audit_app_annualplan_id_seq', 11, true);


--
-- Name: audit_app_auditengagement_id_seq; Type: SEQUENCE SET; Schema: public; Owner: riskmanagement_user_admin
--

SELECT pg_catalog.setval('public.audit_app_auditengagement_id_seq', 15, true);


--
-- Name: audit_app_auditengagementattachment_id_seq; Type: SEQUENCE SET; Schema: public; Owner: riskmanagement_user_admin
--

SELECT pg_catalog.setval('public.audit_app_auditengagementattachment_id_seq', 1, false);


--
-- Name: audit_app_auditprogram_controls_id_seq; Type: SEQUENCE SET; Schema: public; Owner: riskmanagement_user_admin
--

SELECT pg_catalog.setval('public.audit_app_auditprogram_controls_id_seq', 15, true);


--
-- Name: audit_app_auditprogram_id_seq; Type: SEQUENCE SET; Schema: public; Owner: riskmanagement_user_admin
--

SELECT pg_catalog.setval('public.audit_app_auditprogram_id_seq', 23, true);


--
-- Name: audit_app_auditprogram_risk_tagging_id_seq; Type: SEQUENCE SET; Schema: public; Owner: riskmanagement_user_admin
--

SELECT pg_catalog.setval('public.audit_app_auditprogram_risk_tagging_id_seq', 31, true);


--
-- Name: audit_app_auditprogramattachment_id_seq; Type: SEQUENCE SET; Schema: public; Owner: riskmanagement_user_admin
--

SELECT pg_catalog.setval('public.audit_app_auditprogramattachment_id_seq', 54, true);


--
-- Name: audit_app_auditprogramrepo_id_seq; Type: SEQUENCE SET; Schema: public; Owner: riskmanagement_user_admin
--

SELECT pg_catalog.setval('public.audit_app_auditprogramrepo_id_seq', 1, false);


--
-- Name: auth_group_id_seq; Type: SEQUENCE SET; Schema: public; Owner: riskmanagement_user_admin
--

SELECT pg_catalog.setval('public.auth_group_id_seq', 15, true);


--
-- Name: auth_group_permissions_id_seq; Type: SEQUENCE SET; Schema: public; Owner: riskmanagement_user_admin
--

SELECT pg_catalog.setval('public.auth_group_permissions_id_seq', 1, false);


--
-- Name: auth_permission_id_seq; Type: SEQUENCE SET; Schema: public; Owner: riskmanagement_user_admin
--

SELECT pg_catalog.setval('public.auth_permission_id_seq', 128, true);


--
-- Name: auth_user_groups_id_seq; Type: SEQUENCE SET; Schema: public; Owner: riskmanagement_user_admin
--

SELECT pg_catalog.setval('public.auth_user_groups_id_seq', 330, true);


--
-- Name: auth_user_id_seq; Type: SEQUENCE SET; Schema: public; Owner: riskmanagement_user_admin
--

SELECT pg_catalog.setval('public.auth_user_id_seq', 14, true);


--
-- Name: auth_user_user_permissions_id_seq; Type: SEQUENCE SET; Schema: public; Owner: riskmanagement_user_admin
--

SELECT pg_catalog.setval('public.auth_user_user_permissions_id_seq', 1, false);


--
-- Name: django_admin_log_id_seq; Type: SEQUENCE SET; Schema: public; Owner: riskmanagement_user_admin
--

SELECT pg_catalog.setval('public.django_admin_log_id_seq', 31, true);


--
-- Name: django_content_type_id_seq; Type: SEQUENCE SET; Schema: public; Owner: riskmanagement_user_admin
--

SELECT pg_catalog.setval('public.django_content_type_id_seq', 32, true);


--
-- Name: django_migrations_id_seq; Type: SEQUENCE SET; Schema: public; Owner: riskmanagement_user_admin
--

SELECT pg_catalog.setval('public.django_migrations_id_seq', 40, true);


--
-- Name: django_rest_passwordreset_resetpasswordtoken_id_seq; Type: SEQUENCE SET; Schema: public; Owner: riskmanagement_user_admin
--

SELECT pg_catalog.setval('public.django_rest_passwordreset_resetpasswordtoken_id_seq', 1, false);


--
-- Name: master_app_companysetup_departments_id_seq; Type: SEQUENCE SET; Schema: public; Owner: riskmanagement_user_admin
--

SELECT pg_catalog.setval('public.master_app_companysetup_departments_id_seq', 15, true);


--
-- Name: master_app_companysetup_id_seq; Type: SEQUENCE SET; Schema: public; Owner: riskmanagement_user_admin
--

SELECT pg_catalog.setval('public.master_app_companysetup_id_seq', 1, true);


--
-- Name: master_app_controlobjective_id_seq; Type: SEQUENCE SET; Schema: public; Owner: riskmanagement_user_admin
--

SELECT pg_catalog.setval('public.master_app_controlobjective_id_seq', 8, true);


--
-- Name: master_app_controlobjective_policy_id_seq; Type: SEQUENCE SET; Schema: public; Owner: riskmanagement_user_admin
--

SELECT pg_catalog.setval('public.master_app_controlobjective_policy_id_seq', 13, true);


--
-- Name: master_app_department_id_seq; Type: SEQUENCE SET; Schema: public; Owner: riskmanagement_user_admin
--

SELECT pg_catalog.setval('public.master_app_department_id_seq', 18, true);


--
-- Name: master_app_doccomment_id_seq; Type: SEQUENCE SET; Schema: public; Owner: riskmanagement_user_admin
--

SELECT pg_catalog.setval('public.master_app_doccomment_id_seq', 13, true);


--
-- Name: master_app_subdepartment_id_seq; Type: SEQUENCE SET; Schema: public; Owner: riskmanagement_user_admin
--

SELECT pg_catalog.setval('public.master_app_subdepartment_id_seq', 8, true);


--
-- Name: policy_app_control_control_objective_id_seq; Type: SEQUENCE SET; Schema: public; Owner: riskmanagement_user_admin
--

SELECT pg_catalog.setval('public.policy_app_control_control_objective_id_seq', 14, true);


--
-- Name: policy_app_control_departments_id_seq; Type: SEQUENCE SET; Schema: public; Owner: riskmanagement_user_admin
--

SELECT pg_catalog.setval('public.policy_app_control_departments_id_seq', 17, true);


--
-- Name: policy_app_control_id_seq; Type: SEQUENCE SET; Schema: public; Owner: riskmanagement_user_admin
--

SELECT pg_catalog.setval('public.policy_app_control_id_seq', 10, true);


--
-- Name: policy_app_control_policy_id_seq; Type: SEQUENCE SET; Schema: public; Owner: riskmanagement_user_admin
--

SELECT pg_catalog.setval('public.policy_app_control_policy_id_seq', 16, true);


--
-- Name: policy_app_control_regulatory_laws_id_seq; Type: SEQUENCE SET; Schema: public; Owner: riskmanagement_user_admin
--

SELECT pg_catalog.setval('public.policy_app_control_regulatory_laws_id_seq', 14, true);


--
-- Name: policy_app_issuecontrol_id_seq; Type: SEQUENCE SET; Schema: public; Owner: riskmanagement_user_admin
--

SELECT pg_catalog.setval('public.policy_app_issuecontrol_id_seq', 1, false);


--
-- Name: policy_app_policy_departments_id_seq; Type: SEQUENCE SET; Schema: public; Owner: riskmanagement_user_admin
--

SELECT pg_catalog.setval('public.policy_app_policy_departments_id_seq', 26, true);


--
-- Name: policy_app_policy_id_seq; Type: SEQUENCE SET; Schema: public; Owner: riskmanagement_user_admin
--

SELECT pg_catalog.setval('public.policy_app_policy_id_seq', 13, true);


--
-- Name: policy_app_regulatorylaws_departments_id_seq; Type: SEQUENCE SET; Schema: public; Owner: riskmanagement_user_admin
--

SELECT pg_catalog.setval('public.policy_app_regulatorylaws_departments_id_seq', 11, true);


--
-- Name: policy_app_regulatorylaws_id_seq; Type: SEQUENCE SET; Schema: public; Owner: riskmanagement_user_admin
--

SELECT pg_catalog.setval('public.policy_app_regulatorylaws_id_seq', 11, true);


--
-- Name: policy_app_regulatorylaws_policy_id_seq; Type: SEQUENCE SET; Schema: public; Owner: riskmanagement_user_admin
--

SELECT pg_catalog.setval('public.policy_app_regulatorylaws_policy_id_seq', 27, true);


--
-- Name: risk_app_controlratingmatrix_id_seq; Type: SEQUENCE SET; Schema: public; Owner: riskmanagement_user_admin
--

SELECT pg_catalog.setval('public.risk_app_controlratingmatrix_id_seq', 1, false);


--
-- Name: risk_app_profile_departments_id_seq; Type: SEQUENCE SET; Schema: public; Owner: riskmanagement_user_admin
--

SELECT pg_catalog.setval('public.risk_app_profile_departments_id_seq', 1, false);


--
-- Name: risk_app_profile_id_seq; Type: SEQUENCE SET; Schema: public; Owner: riskmanagement_user_admin
--

SELECT pg_catalog.setval('public.risk_app_profile_id_seq', 1, false);


--
-- Name: risk_app_riskassessment_id_seq; Type: SEQUENCE SET; Schema: public; Owner: riskmanagement_user_admin
--

SELECT pg_catalog.setval('public.risk_app_riskassessment_id_seq', 1, false);


--
-- Name: risk_app_riskmatrix_id_seq; Type: SEQUENCE SET; Schema: public; Owner: riskmanagement_user_admin
--

SELECT pg_catalog.setval('public.risk_app_riskmatrix_id_seq', 1, false);


--
-- Name: risk_app_riskplan_id_seq; Type: SEQUENCE SET; Schema: public; Owner: riskmanagement_user_admin
--

SELECT pg_catalog.setval('public.risk_app_riskplan_id_seq', 1, false);


--
-- Name: risk_app_riskprioritization_id_seq; Type: SEQUENCE SET; Schema: public; Owner: riskmanagement_user_admin
--

SELECT pg_catalog.setval('public.risk_app_riskprioritization_id_seq', 1, false);


--
-- Name: risk_app_riskregister_id_seq; Type: SEQUENCE SET; Schema: public; Owner: riskmanagement_user_admin
--

SELECT pg_catalog.setval('public.risk_app_riskregister_id_seq', 44, true);


--
-- Name: risk_app_riskrepo_id_seq; Type: SEQUENCE SET; Schema: public; Owner: riskmanagement_user_admin
--

SELECT pg_catalog.setval('public.risk_app_riskrepo_id_seq', 1, false);


--
-- Name: audit_app_annualplan audit_app_annualplan_pkey; Type: CONSTRAINT; Schema: public; Owner: riskmanagement_user_admin
--

ALTER TABLE ONLY public.audit_app_annualplan
    ADD CONSTRAINT audit_app_annualplan_pkey PRIMARY KEY (id);


--
-- Name: audit_app_auditengagement audit_app_auditengagement_pkey; Type: CONSTRAINT; Schema: public; Owner: riskmanagement_user_admin
--

ALTER TABLE ONLY public.audit_app_auditengagement
    ADD CONSTRAINT audit_app_auditengagement_pkey PRIMARY KEY (id);


--
-- Name: audit_app_auditengagementattachment audit_app_auditengagementattachment_pkey; Type: CONSTRAINT; Schema: public; Owner: riskmanagement_user_admin
--

ALTER TABLE ONLY public.audit_app_auditengagementattachment
    ADD CONSTRAINT audit_app_auditengagementattachment_pkey PRIMARY KEY (id);


--
-- Name: audit_app_auditprogram_controls audit_app_auditprogram_c_auditprogram_id_control__aec54024_uniq; Type: CONSTRAINT; Schema: public; Owner: riskmanagement_user_admin
--

ALTER TABLE ONLY public.audit_app_auditprogram_controls
    ADD CONSTRAINT audit_app_auditprogram_c_auditprogram_id_control__aec54024_uniq UNIQUE (auditprogram_id, control_id);


--
-- Name: audit_app_auditprogram_controls audit_app_auditprogram_controls_pkey; Type: CONSTRAINT; Schema: public; Owner: riskmanagement_user_admin
--

ALTER TABLE ONLY public.audit_app_auditprogram_controls
    ADD CONSTRAINT audit_app_auditprogram_controls_pkey PRIMARY KEY (id);


--
-- Name: audit_app_auditprogram audit_app_auditprogram_pkey; Type: CONSTRAINT; Schema: public; Owner: riskmanagement_user_admin
--

ALTER TABLE ONLY public.audit_app_auditprogram
    ADD CONSTRAINT audit_app_auditprogram_pkey PRIMARY KEY (id);


--
-- Name: audit_app_auditprogram_risk_tagging audit_app_auditprogram_r_auditprogram_id_riskregi_8b873aa2_uniq; Type: CONSTRAINT; Schema: public; Owner: riskmanagement_user_admin
--

ALTER TABLE ONLY public.audit_app_auditprogram_risk_tagging
    ADD CONSTRAINT audit_app_auditprogram_r_auditprogram_id_riskregi_8b873aa2_uniq UNIQUE (auditprogram_id, riskregister_id);


--
-- Name: audit_app_auditprogram_risk_tagging audit_app_auditprogram_risk_tagging_pkey; Type: CONSTRAINT; Schema: public; Owner: riskmanagement_user_admin
--

ALTER TABLE ONLY public.audit_app_auditprogram_risk_tagging
    ADD CONSTRAINT audit_app_auditprogram_risk_tagging_pkey PRIMARY KEY (id);


--
-- Name: audit_app_auditprogramattachment audit_app_auditprogramattachment_pkey; Type: CONSTRAINT; Schema: public; Owner: riskmanagement_user_admin
--

ALTER TABLE ONLY public.audit_app_auditprogramattachment
    ADD CONSTRAINT audit_app_auditprogramattachment_pkey PRIMARY KEY (id);


--
-- Name: audit_app_auditprogramrepo audit_app_auditprogramrepo_pkey; Type: CONSTRAINT; Schema: public; Owner: riskmanagement_user_admin
--

ALTER TABLE ONLY public.audit_app_auditprogramrepo
    ADD CONSTRAINT audit_app_auditprogramrepo_pkey PRIMARY KEY (id);


--
-- Name: auth_group auth_group_name_key; Type: CONSTRAINT; Schema: public; Owner: riskmanagement_user_admin
--

ALTER TABLE ONLY public.auth_group
    ADD CONSTRAINT auth_group_name_key UNIQUE (name);


--
-- Name: auth_group_permissions auth_group_permissions_group_id_permission_id_0cd325b0_uniq; Type: CONSTRAINT; Schema: public; Owner: riskmanagement_user_admin
--

ALTER TABLE ONLY public.auth_group_permissions
    ADD CONSTRAINT auth_group_permissions_group_id_permission_id_0cd325b0_uniq UNIQUE (group_id, permission_id);


--
-- Name: auth_group_permissions auth_group_permissions_pkey; Type: CONSTRAINT; Schema: public; Owner: riskmanagement_user_admin
--

ALTER TABLE ONLY public.auth_group_permissions
    ADD CONSTRAINT auth_group_permissions_pkey PRIMARY KEY (id);


--
-- Name: auth_group auth_group_pkey; Type: CONSTRAINT; Schema: public; Owner: riskmanagement_user_admin
--

ALTER TABLE ONLY public.auth_group
    ADD CONSTRAINT auth_group_pkey PRIMARY KEY (id);


--
-- Name: auth_permission auth_permission_content_type_id_codename_01ab375a_uniq; Type: CONSTRAINT; Schema: public; Owner: riskmanagement_user_admin
--

ALTER TABLE ONLY public.auth_permission
    ADD CONSTRAINT auth_permission_content_type_id_codename_01ab375a_uniq UNIQUE (content_type_id, codename);


--
-- Name: auth_permission auth_permission_pkey; Type: CONSTRAINT; Schema: public; Owner: riskmanagement_user_admin
--

ALTER TABLE ONLY public.auth_permission
    ADD CONSTRAINT auth_permission_pkey PRIMARY KEY (id);


--
-- Name: auth_user_groups auth_user_groups_pkey; Type: CONSTRAINT; Schema: public; Owner: riskmanagement_user_admin
--

ALTER TABLE ONLY public.auth_user_groups
    ADD CONSTRAINT auth_user_groups_pkey PRIMARY KEY (id);


--
-- Name: auth_user_groups auth_user_groups_user_id_group_id_94350c0c_uniq; Type: CONSTRAINT; Schema: public; Owner: riskmanagement_user_admin
--

ALTER TABLE ONLY public.auth_user_groups
    ADD CONSTRAINT auth_user_groups_user_id_group_id_94350c0c_uniq UNIQUE (user_id, group_id);


--
-- Name: auth_user auth_user_pkey; Type: CONSTRAINT; Schema: public; Owner: riskmanagement_user_admin
--

ALTER TABLE ONLY public.auth_user
    ADD CONSTRAINT auth_user_pkey PRIMARY KEY (id);


--
-- Name: auth_user_user_permissions auth_user_user_permissions_pkey; Type: CONSTRAINT; Schema: public; Owner: riskmanagement_user_admin
--

ALTER TABLE ONLY public.auth_user_user_permissions
    ADD CONSTRAINT auth_user_user_permissions_pkey PRIMARY KEY (id);


--
-- Name: auth_user_user_permissions auth_user_user_permissions_user_id_permission_id_14a6b632_uniq; Type: CONSTRAINT; Schema: public; Owner: riskmanagement_user_admin
--

ALTER TABLE ONLY public.auth_user_user_permissions
    ADD CONSTRAINT auth_user_user_permissions_user_id_permission_id_14a6b632_uniq UNIQUE (user_id, permission_id);


--
-- Name: auth_user auth_user_username_key; Type: CONSTRAINT; Schema: public; Owner: riskmanagement_user_admin
--

ALTER TABLE ONLY public.auth_user
    ADD CONSTRAINT auth_user_username_key UNIQUE (username);


--
-- Name: authtoken_token authtoken_token_pkey; Type: CONSTRAINT; Schema: public; Owner: riskmanagement_user_admin
--

ALTER TABLE ONLY public.authtoken_token
    ADD CONSTRAINT authtoken_token_pkey PRIMARY KEY (key);


--
-- Name: authtoken_token authtoken_token_user_id_key; Type: CONSTRAINT; Schema: public; Owner: riskmanagement_user_admin
--

ALTER TABLE ONLY public.authtoken_token
    ADD CONSTRAINT authtoken_token_user_id_key UNIQUE (user_id);


--
-- Name: django_admin_log django_admin_log_pkey; Type: CONSTRAINT; Schema: public; Owner: riskmanagement_user_admin
--

ALTER TABLE ONLY public.django_admin_log
    ADD CONSTRAINT django_admin_log_pkey PRIMARY KEY (id);


--
-- Name: django_content_type django_content_type_app_label_model_76bd3d3b_uniq; Type: CONSTRAINT; Schema: public; Owner: riskmanagement_user_admin
--

ALTER TABLE ONLY public.django_content_type
    ADD CONSTRAINT django_content_type_app_label_model_76bd3d3b_uniq UNIQUE (app_label, model);


--
-- Name: django_content_type django_content_type_pkey; Type: CONSTRAINT; Schema: public; Owner: riskmanagement_user_admin
--

ALTER TABLE ONLY public.django_content_type
    ADD CONSTRAINT django_content_type_pkey PRIMARY KEY (id);


--
-- Name: django_migrations django_migrations_pkey; Type: CONSTRAINT; Schema: public; Owner: riskmanagement_user_admin
--

ALTER TABLE ONLY public.django_migrations
    ADD CONSTRAINT django_migrations_pkey PRIMARY KEY (id);


--
-- Name: django_rest_passwordreset_resetpasswordtoken django_rest_passwordreset_resetpasswordtoken_key_f1b65873_uniq; Type: CONSTRAINT; Schema: public; Owner: riskmanagement_user_admin
--

ALTER TABLE ONLY public.django_rest_passwordreset_resetpasswordtoken
    ADD CONSTRAINT django_rest_passwordreset_resetpasswordtoken_key_f1b65873_uniq UNIQUE (key);


--
-- Name: django_rest_passwordreset_resetpasswordtoken django_rest_passwordreset_resetpasswordtoken_pkey; Type: CONSTRAINT; Schema: public; Owner: riskmanagement_user_admin
--

ALTER TABLE ONLY public.django_rest_passwordreset_resetpasswordtoken
    ADD CONSTRAINT django_rest_passwordreset_resetpasswordtoken_pkey PRIMARY KEY (id);


--
-- Name: django_session django_session_pkey; Type: CONSTRAINT; Schema: public; Owner: riskmanagement_user_admin
--

ALTER TABLE ONLY public.django_session
    ADD CONSTRAINT django_session_pkey PRIMARY KEY (session_key);


--
-- Name: master_app_companysetup_departments master_app_companysetup__companysetup_id_departme_0e3dc842_uniq; Type: CONSTRAINT; Schema: public; Owner: riskmanagement_user_admin
--

ALTER TABLE ONLY public.master_app_companysetup_departments
    ADD CONSTRAINT master_app_companysetup__companysetup_id_departme_0e3dc842_uniq UNIQUE (companysetup_id, department_id);


--
-- Name: master_app_companysetup_departments master_app_companysetup_departments_pkey; Type: CONSTRAINT; Schema: public; Owner: riskmanagement_user_admin
--

ALTER TABLE ONLY public.master_app_companysetup_departments
    ADD CONSTRAINT master_app_companysetup_departments_pkey PRIMARY KEY (id);


--
-- Name: master_app_companysetup master_app_companysetup_pkey; Type: CONSTRAINT; Schema: public; Owner: riskmanagement_user_admin
--

ALTER TABLE ONLY public.master_app_companysetup
    ADD CONSTRAINT master_app_companysetup_pkey PRIMARY KEY (id);


--
-- Name: master_app_controlobjective_policy master_app_controlobject_controlobjective_id_poli_649edac9_uniq; Type: CONSTRAINT; Schema: public; Owner: riskmanagement_user_admin
--

ALTER TABLE ONLY public.master_app_controlobjective_policy
    ADD CONSTRAINT master_app_controlobject_controlobjective_id_poli_649edac9_uniq UNIQUE (controlobjective_id, policy_id);


--
-- Name: master_app_controlobjective master_app_controlobjective_pkey; Type: CONSTRAINT; Schema: public; Owner: riskmanagement_user_admin
--

ALTER TABLE ONLY public.master_app_controlobjective
    ADD CONSTRAINT master_app_controlobjective_pkey PRIMARY KEY (id);


--
-- Name: master_app_controlobjective_policy master_app_controlobjective_policy_pkey; Type: CONSTRAINT; Schema: public; Owner: riskmanagement_user_admin
--

ALTER TABLE ONLY public.master_app_controlobjective_policy
    ADD CONSTRAINT master_app_controlobjective_policy_pkey PRIMARY KEY (id);


--
-- Name: master_app_department master_app_department_pkey; Type: CONSTRAINT; Schema: public; Owner: riskmanagement_user_admin
--

ALTER TABLE ONLY public.master_app_department
    ADD CONSTRAINT master_app_department_pkey PRIMARY KEY (id);


--
-- Name: master_app_doccomment master_app_doccomment_pkey; Type: CONSTRAINT; Schema: public; Owner: riskmanagement_user_admin
--

ALTER TABLE ONLY public.master_app_doccomment
    ADD CONSTRAINT master_app_doccomment_pkey PRIMARY KEY (id);


--
-- Name: master_app_subdepartment master_app_subdepartment_pkey; Type: CONSTRAINT; Schema: public; Owner: riskmanagement_user_admin
--

ALTER TABLE ONLY public.master_app_subdepartment
    ADD CONSTRAINT master_app_subdepartment_pkey PRIMARY KEY (id);


--
-- Name: policy_app_control_control_objective policy_app_control_contr_control_id_controlobject_70f2ab9a_uniq; Type: CONSTRAINT; Schema: public; Owner: riskmanagement_user_admin
--

ALTER TABLE ONLY public.policy_app_control_control_objective
    ADD CONSTRAINT policy_app_control_contr_control_id_controlobject_70f2ab9a_uniq UNIQUE (control_id, controlobjective_id);


--
-- Name: policy_app_control_control_objective policy_app_control_control_objective_pkey; Type: CONSTRAINT; Schema: public; Owner: riskmanagement_user_admin
--

ALTER TABLE ONLY public.policy_app_control_control_objective
    ADD CONSTRAINT policy_app_control_control_objective_pkey PRIMARY KEY (id);


--
-- Name: policy_app_control_departments policy_app_control_depar_control_id_department_id_6cdb6987_uniq; Type: CONSTRAINT; Schema: public; Owner: riskmanagement_user_admin
--

ALTER TABLE ONLY public.policy_app_control_departments
    ADD CONSTRAINT policy_app_control_depar_control_id_department_id_6cdb6987_uniq UNIQUE (control_id, department_id);


--
-- Name: policy_app_control_departments policy_app_control_departments_pkey; Type: CONSTRAINT; Schema: public; Owner: riskmanagement_user_admin
--

ALTER TABLE ONLY public.policy_app_control_departments
    ADD CONSTRAINT policy_app_control_departments_pkey PRIMARY KEY (id);


--
-- Name: policy_app_control policy_app_control_pkey; Type: CONSTRAINT; Schema: public; Owner: riskmanagement_user_admin
--

ALTER TABLE ONLY public.policy_app_control
    ADD CONSTRAINT policy_app_control_pkey PRIMARY KEY (id);


--
-- Name: policy_app_control_policy policy_app_control_policy_control_id_policy_id_1f6e1daf_uniq; Type: CONSTRAINT; Schema: public; Owner: riskmanagement_user_admin
--

ALTER TABLE ONLY public.policy_app_control_policy
    ADD CONSTRAINT policy_app_control_policy_control_id_policy_id_1f6e1daf_uniq UNIQUE (control_id, policy_id);


--
-- Name: policy_app_control_policy policy_app_control_policy_pkey; Type: CONSTRAINT; Schema: public; Owner: riskmanagement_user_admin
--

ALTER TABLE ONLY public.policy_app_control_policy
    ADD CONSTRAINT policy_app_control_policy_pkey PRIMARY KEY (id);


--
-- Name: policy_app_control_regulatory_laws policy_app_control_regul_control_id_regulatorylaw_04da73ef_uniq; Type: CONSTRAINT; Schema: public; Owner: riskmanagement_user_admin
--

ALTER TABLE ONLY public.policy_app_control_regulatory_laws
    ADD CONSTRAINT policy_app_control_regul_control_id_regulatorylaw_04da73ef_uniq UNIQUE (control_id, regulatorylaws_id);


--
-- Name: policy_app_control_regulatory_laws policy_app_control_regulatory_laws_pkey; Type: CONSTRAINT; Schema: public; Owner: riskmanagement_user_admin
--

ALTER TABLE ONLY public.policy_app_control_regulatory_laws
    ADD CONSTRAINT policy_app_control_regulatory_laws_pkey PRIMARY KEY (id);


--
-- Name: policy_app_issuecontrol policy_app_issuecontrol_control_id_key; Type: CONSTRAINT; Schema: public; Owner: riskmanagement_user_admin
--

ALTER TABLE ONLY public.policy_app_issuecontrol
    ADD CONSTRAINT policy_app_issuecontrol_control_id_key UNIQUE (control_id);


--
-- Name: policy_app_issuecontrol policy_app_issuecontrol_control_objective_id_key; Type: CONSTRAINT; Schema: public; Owner: riskmanagement_user_admin
--

ALTER TABLE ONLY public.policy_app_issuecontrol
    ADD CONSTRAINT policy_app_issuecontrol_control_objective_id_key UNIQUE (control_objective_id);


--
-- Name: policy_app_issuecontrol policy_app_issuecontrol_pkey; Type: CONSTRAINT; Schema: public; Owner: riskmanagement_user_admin
--

ALTER TABLE ONLY public.policy_app_issuecontrol
    ADD CONSTRAINT policy_app_issuecontrol_pkey PRIMARY KEY (id);


--
-- Name: policy_app_policy_departments policy_app_policy_depart_policy_id_department_id_a2901353_uniq; Type: CONSTRAINT; Schema: public; Owner: riskmanagement_user_admin
--

ALTER TABLE ONLY public.policy_app_policy_departments
    ADD CONSTRAINT policy_app_policy_depart_policy_id_department_id_a2901353_uniq UNIQUE (policy_id, department_id);


--
-- Name: policy_app_policy_departments policy_app_policy_departments_pkey; Type: CONSTRAINT; Schema: public; Owner: riskmanagement_user_admin
--

ALTER TABLE ONLY public.policy_app_policy_departments
    ADD CONSTRAINT policy_app_policy_departments_pkey PRIMARY KEY (id);


--
-- Name: policy_app_policy policy_app_policy_pkey; Type: CONSTRAINT; Schema: public; Owner: riskmanagement_user_admin
--

ALTER TABLE ONLY public.policy_app_policy
    ADD CONSTRAINT policy_app_policy_pkey PRIMARY KEY (id);


--
-- Name: policy_app_regulatorylaws_departments policy_app_regulatorylaw_regulatorylaws_id_depart_ecd9055b_uniq; Type: CONSTRAINT; Schema: public; Owner: riskmanagement_user_admin
--

ALTER TABLE ONLY public.policy_app_regulatorylaws_departments
    ADD CONSTRAINT policy_app_regulatorylaw_regulatorylaws_id_depart_ecd9055b_uniq UNIQUE (regulatorylaws_id, department_id);


--
-- Name: policy_app_regulatorylaws_policy policy_app_regulatorylaw_regulatorylaws_id_policy_70942278_uniq; Type: CONSTRAINT; Schema: public; Owner: riskmanagement_user_admin
--

ALTER TABLE ONLY public.policy_app_regulatorylaws_policy
    ADD CONSTRAINT policy_app_regulatorylaw_regulatorylaws_id_policy_70942278_uniq UNIQUE (regulatorylaws_id, policy_id);


--
-- Name: policy_app_regulatorylaws_departments policy_app_regulatorylaws_departments_pkey; Type: CONSTRAINT; Schema: public; Owner: riskmanagement_user_admin
--

ALTER TABLE ONLY public.policy_app_regulatorylaws_departments
    ADD CONSTRAINT policy_app_regulatorylaws_departments_pkey PRIMARY KEY (id);


--
-- Name: policy_app_regulatorylaws policy_app_regulatorylaws_pkey; Type: CONSTRAINT; Schema: public; Owner: riskmanagement_user_admin
--

ALTER TABLE ONLY public.policy_app_regulatorylaws
    ADD CONSTRAINT policy_app_regulatorylaws_pkey PRIMARY KEY (id);


--
-- Name: policy_app_regulatorylaws_policy policy_app_regulatorylaws_policy_pkey; Type: CONSTRAINT; Schema: public; Owner: riskmanagement_user_admin
--

ALTER TABLE ONLY public.policy_app_regulatorylaws_policy
    ADD CONSTRAINT policy_app_regulatorylaws_policy_pkey PRIMARY KEY (id);


--
-- Name: risk_app_controlratingmatrix risk_app_controlratingmatrix_pkey; Type: CONSTRAINT; Schema: public; Owner: riskmanagement_user_admin
--

ALTER TABLE ONLY public.risk_app_controlratingmatrix
    ADD CONSTRAINT risk_app_controlratingmatrix_pkey PRIMARY KEY (id);


--
-- Name: risk_app_profile_departments risk_app_profile_departm_profile_id_department_id_03dd307f_uniq; Type: CONSTRAINT; Schema: public; Owner: riskmanagement_user_admin
--

ALTER TABLE ONLY public.risk_app_profile_departments
    ADD CONSTRAINT risk_app_profile_departm_profile_id_department_id_03dd307f_uniq UNIQUE (profile_id, department_id);


--
-- Name: risk_app_profile_departments risk_app_profile_departments_pkey; Type: CONSTRAINT; Schema: public; Owner: riskmanagement_user_admin
--

ALTER TABLE ONLY public.risk_app_profile_departments
    ADD CONSTRAINT risk_app_profile_departments_pkey PRIMARY KEY (id);


--
-- Name: risk_app_profile risk_app_profile_pkey; Type: CONSTRAINT; Schema: public; Owner: riskmanagement_user_admin
--

ALTER TABLE ONLY public.risk_app_profile
    ADD CONSTRAINT risk_app_profile_pkey PRIMARY KEY (id);


--
-- Name: risk_app_profile risk_app_profile_user_id_key; Type: CONSTRAINT; Schema: public; Owner: riskmanagement_user_admin
--

ALTER TABLE ONLY public.risk_app_profile
    ADD CONSTRAINT risk_app_profile_user_id_key UNIQUE (user_id);


--
-- Name: risk_app_riskassessment risk_app_riskassessment_pkey; Type: CONSTRAINT; Schema: public; Owner: riskmanagement_user_admin
--

ALTER TABLE ONLY public.risk_app_riskassessment
    ADD CONSTRAINT risk_app_riskassessment_pkey PRIMARY KEY (id);


--
-- Name: risk_app_riskmatrix risk_app_riskmatrix_pkey; Type: CONSTRAINT; Schema: public; Owner: riskmanagement_user_admin
--

ALTER TABLE ONLY public.risk_app_riskmatrix
    ADD CONSTRAINT risk_app_riskmatrix_pkey PRIMARY KEY (id);


--
-- Name: risk_app_riskplan risk_app_riskplan_pkey; Type: CONSTRAINT; Schema: public; Owner: riskmanagement_user_admin
--

ALTER TABLE ONLY public.risk_app_riskplan
    ADD CONSTRAINT risk_app_riskplan_pkey PRIMARY KEY (id);


--
-- Name: risk_app_riskprioritization risk_app_riskprioritization_pkey; Type: CONSTRAINT; Schema: public; Owner: riskmanagement_user_admin
--

ALTER TABLE ONLY public.risk_app_riskprioritization
    ADD CONSTRAINT risk_app_riskprioritization_pkey PRIMARY KEY (id);


--
-- Name: risk_app_riskregister risk_app_riskregister_pkey; Type: CONSTRAINT; Schema: public; Owner: riskmanagement_user_admin
--

ALTER TABLE ONLY public.risk_app_riskregister
    ADD CONSTRAINT risk_app_riskregister_pkey PRIMARY KEY (id);


--
-- Name: risk_app_riskrepo risk_app_riskrepo_pkey; Type: CONSTRAINT; Schema: public; Owner: riskmanagement_user_admin
--

ALTER TABLE ONLY public.risk_app_riskrepo
    ADD CONSTRAINT risk_app_riskrepo_pkey PRIMARY KEY (id);


--
-- Name: audit_app_auditengagement_annual_plan_id_d05bfc97; Type: INDEX; Schema: public; Owner: riskmanagement_user_admin
--

CREATE INDEX audit_app_auditengagement_annual_plan_id_d05bfc97 ON public.audit_app_auditengagement USING btree (annual_plan_id);


--
-- Name: audit_app_auditengagement_department_id_4e3d3715; Type: INDEX; Schema: public; Owner: riskmanagement_user_admin
--

CREATE INDEX audit_app_auditengagement_department_id_4e3d3715 ON public.audit_app_auditengagement USING btree (department_id);


--
-- Name: audit_app_auditengagementattachment_ticket_id_3f2cc088; Type: INDEX; Schema: public; Owner: riskmanagement_user_admin
--

CREATE INDEX audit_app_auditengagementattachment_ticket_id_3f2cc088 ON public.audit_app_auditengagementattachment USING btree (ticket_id);


--
-- Name: audit_app_auditprogram_audit_engagement_id_f45f25cc; Type: INDEX; Schema: public; Owner: riskmanagement_user_admin
--

CREATE INDEX audit_app_auditprogram_audit_engagement_id_f45f25cc ON public.audit_app_auditprogram USING btree (audit_engagement_id);


--
-- Name: audit_app_auditprogram_controls_auditprogram_id_868e9cd9; Type: INDEX; Schema: public; Owner: riskmanagement_user_admin
--

CREATE INDEX audit_app_auditprogram_controls_auditprogram_id_868e9cd9 ON public.audit_app_auditprogram_controls USING btree (auditprogram_id);


--
-- Name: audit_app_auditprogram_controls_control_id_8226a828; Type: INDEX; Schema: public; Owner: riskmanagement_user_admin
--

CREATE INDEX audit_app_auditprogram_controls_control_id_8226a828 ON public.audit_app_auditprogram_controls USING btree (control_id);


--
-- Name: audit_app_auditprogram_risk_tagging_auditprogram_id_b149e9ee; Type: INDEX; Schema: public; Owner: riskmanagement_user_admin
--

CREATE INDEX audit_app_auditprogram_risk_tagging_auditprogram_id_b149e9ee ON public.audit_app_auditprogram_risk_tagging USING btree (auditprogram_id);


--
-- Name: audit_app_auditprogram_risk_tagging_riskregister_id_cda88209; Type: INDEX; Schema: public; Owner: riskmanagement_user_admin
--

CREATE INDEX audit_app_auditprogram_risk_tagging_riskregister_id_cda88209 ON public.audit_app_auditprogram_risk_tagging USING btree (riskregister_id);


--
-- Name: audit_app_auditprogramattachment_auditprogram_id_7488c681; Type: INDEX; Schema: public; Owner: riskmanagement_user_admin
--

CREATE INDEX audit_app_auditprogramattachment_auditprogram_id_7488c681 ON public.audit_app_auditprogramattachment USING btree (auditprogram_id);


--
-- Name: auth_group_name_a6ea08ec_like; Type: INDEX; Schema: public; Owner: riskmanagement_user_admin
--

CREATE INDEX auth_group_name_a6ea08ec_like ON public.auth_group USING btree (name varchar_pattern_ops);


--
-- Name: auth_group_permissions_group_id_b120cbf9; Type: INDEX; Schema: public; Owner: riskmanagement_user_admin
--

CREATE INDEX auth_group_permissions_group_id_b120cbf9 ON public.auth_group_permissions USING btree (group_id);


--
-- Name: auth_group_permissions_permission_id_84c5c92e; Type: INDEX; Schema: public; Owner: riskmanagement_user_admin
--

CREATE INDEX auth_group_permissions_permission_id_84c5c92e ON public.auth_group_permissions USING btree (permission_id);


--
-- Name: auth_permission_content_type_id_2f476e4b; Type: INDEX; Schema: public; Owner: riskmanagement_user_admin
--

CREATE INDEX auth_permission_content_type_id_2f476e4b ON public.auth_permission USING btree (content_type_id);


--
-- Name: auth_user_groups_group_id_97559544; Type: INDEX; Schema: public; Owner: riskmanagement_user_admin
--

CREATE INDEX auth_user_groups_group_id_97559544 ON public.auth_user_groups USING btree (group_id);


--
-- Name: auth_user_groups_user_id_6a12ed8b; Type: INDEX; Schema: public; Owner: riskmanagement_user_admin
--

CREATE INDEX auth_user_groups_user_id_6a12ed8b ON public.auth_user_groups USING btree (user_id);


--
-- Name: auth_user_user_permissions_permission_id_1fbb5f2c; Type: INDEX; Schema: public; Owner: riskmanagement_user_admin
--

CREATE INDEX auth_user_user_permissions_permission_id_1fbb5f2c ON public.auth_user_user_permissions USING btree (permission_id);


--
-- Name: auth_user_user_permissions_user_id_a95ead1b; Type: INDEX; Schema: public; Owner: riskmanagement_user_admin
--

CREATE INDEX auth_user_user_permissions_user_id_a95ead1b ON public.auth_user_user_permissions USING btree (user_id);


--
-- Name: auth_user_username_6821ab7c_like; Type: INDEX; Schema: public; Owner: riskmanagement_user_admin
--

CREATE INDEX auth_user_username_6821ab7c_like ON public.auth_user USING btree (username varchar_pattern_ops);


--
-- Name: authtoken_token_key_10f0b77e_like; Type: INDEX; Schema: public; Owner: riskmanagement_user_admin
--

CREATE INDEX authtoken_token_key_10f0b77e_like ON public.authtoken_token USING btree (key varchar_pattern_ops);


--
-- Name: django_admin_log_content_type_id_c4bce8eb; Type: INDEX; Schema: public; Owner: riskmanagement_user_admin
--

CREATE INDEX django_admin_log_content_type_id_c4bce8eb ON public.django_admin_log USING btree (content_type_id);


--
-- Name: django_admin_log_user_id_c564eba6; Type: INDEX; Schema: public; Owner: riskmanagement_user_admin
--

CREATE INDEX django_admin_log_user_id_c564eba6 ON public.django_admin_log USING btree (user_id);


--
-- Name: django_rest_passwordreset_resetpasswordtoken_key_f1b65873_like; Type: INDEX; Schema: public; Owner: riskmanagement_user_admin
--

CREATE INDEX django_rest_passwordreset_resetpasswordtoken_key_f1b65873_like ON public.django_rest_passwordreset_resetpasswordtoken USING btree (key varchar_pattern_ops);


--
-- Name: django_rest_passwordreset_resetpasswordtoken_user_id_e8015b11; Type: INDEX; Schema: public; Owner: riskmanagement_user_admin
--

CREATE INDEX django_rest_passwordreset_resetpasswordtoken_user_id_e8015b11 ON public.django_rest_passwordreset_resetpasswordtoken USING btree (user_id);


--
-- Name: django_session_expire_date_a5c62663; Type: INDEX; Schema: public; Owner: riskmanagement_user_admin
--

CREATE INDEX django_session_expire_date_a5c62663 ON public.django_session USING btree (expire_date);


--
-- Name: django_session_session_key_c0390e0f_like; Type: INDEX; Schema: public; Owner: riskmanagement_user_admin
--

CREATE INDEX django_session_session_key_c0390e0f_like ON public.django_session USING btree (session_key varchar_pattern_ops);


--
-- Name: master_app_companysetup_departments_companysetup_id_ea6d96c2; Type: INDEX; Schema: public; Owner: riskmanagement_user_admin
--

CREATE INDEX master_app_companysetup_departments_companysetup_id_ea6d96c2 ON public.master_app_companysetup_departments USING btree (companysetup_id);


--
-- Name: master_app_companysetup_departments_department_id_095dcc7a; Type: INDEX; Schema: public; Owner: riskmanagement_user_admin
--

CREATE INDEX master_app_companysetup_departments_department_id_095dcc7a ON public.master_app_companysetup_departments USING btree (department_id);


--
-- Name: master_app_controlobjective_policy_controlobjective_id_33bf0dff; Type: INDEX; Schema: public; Owner: riskmanagement_user_admin
--

CREATE INDEX master_app_controlobjective_policy_controlobjective_id_33bf0dff ON public.master_app_controlobjective_policy USING btree (controlobjective_id);


--
-- Name: master_app_controlobjective_policy_policy_id_0996a73c; Type: INDEX; Schema: public; Owner: riskmanagement_user_admin
--

CREATE INDEX master_app_controlobjective_policy_policy_id_0996a73c ON public.master_app_controlobjective_policy USING btree (policy_id);


--
-- Name: master_app_subdepartment_department_id_8678b99f; Type: INDEX; Schema: public; Owner: riskmanagement_user_admin
--

CREATE INDEX master_app_subdepartment_department_id_8678b99f ON public.master_app_subdepartment USING btree (department_id);


--
-- Name: policy_app_control_control_controlobjective_id_6272e2aa; Type: INDEX; Schema: public; Owner: riskmanagement_user_admin
--

CREATE INDEX policy_app_control_control_controlobjective_id_6272e2aa ON public.policy_app_control_control_objective USING btree (controlobjective_id);


--
-- Name: policy_app_control_control_objective_control_id_04db75b9; Type: INDEX; Schema: public; Owner: riskmanagement_user_admin
--

CREATE INDEX policy_app_control_control_objective_control_id_04db75b9 ON public.policy_app_control_control_objective USING btree (control_id);


--
-- Name: policy_app_control_departments_control_id_8a8737c0; Type: INDEX; Schema: public; Owner: riskmanagement_user_admin
--

CREATE INDEX policy_app_control_departments_control_id_8a8737c0 ON public.policy_app_control_departments USING btree (control_id);


--
-- Name: policy_app_control_departments_department_id_fa05c738; Type: INDEX; Schema: public; Owner: riskmanagement_user_admin
--

CREATE INDEX policy_app_control_departments_department_id_fa05c738 ON public.policy_app_control_departments USING btree (department_id);


--
-- Name: policy_app_control_policy_control_id_d078bb44; Type: INDEX; Schema: public; Owner: riskmanagement_user_admin
--

CREATE INDEX policy_app_control_policy_control_id_d078bb44 ON public.policy_app_control_policy USING btree (control_id);


--
-- Name: policy_app_control_policy_policy_id_b7c11a58; Type: INDEX; Schema: public; Owner: riskmanagement_user_admin
--

CREATE INDEX policy_app_control_policy_policy_id_b7c11a58 ON public.policy_app_control_policy USING btree (policy_id);


--
-- Name: policy_app_control_regulatory_laws_control_id_b74368e5; Type: INDEX; Schema: public; Owner: riskmanagement_user_admin
--

CREATE INDEX policy_app_control_regulatory_laws_control_id_b74368e5 ON public.policy_app_control_regulatory_laws USING btree (control_id);


--
-- Name: policy_app_control_regulatory_laws_regulatorylaws_id_ddbdb637; Type: INDEX; Schema: public; Owner: riskmanagement_user_admin
--

CREATE INDEX policy_app_control_regulatory_laws_regulatorylaws_id_ddbdb637 ON public.policy_app_control_regulatory_laws USING btree (regulatorylaws_id);


--
-- Name: policy_app_policy_departments_department_id_4c181dcb; Type: INDEX; Schema: public; Owner: riskmanagement_user_admin
--

CREATE INDEX policy_app_policy_departments_department_id_4c181dcb ON public.policy_app_policy_departments USING btree (department_id);


--
-- Name: policy_app_policy_departments_policy_id_17aa87d8; Type: INDEX; Schema: public; Owner: riskmanagement_user_admin
--

CREATE INDEX policy_app_policy_departments_policy_id_17aa87d8 ON public.policy_app_policy_departments USING btree (policy_id);


--
-- Name: policy_app_regulatorylaws__regulatorylaws_id_503fd1af; Type: INDEX; Schema: public; Owner: riskmanagement_user_admin
--

CREATE INDEX policy_app_regulatorylaws__regulatorylaws_id_503fd1af ON public.policy_app_regulatorylaws_departments USING btree (regulatorylaws_id);


--
-- Name: policy_app_regulatorylaws_departments_department_id_829f9f49; Type: INDEX; Schema: public; Owner: riskmanagement_user_admin
--

CREATE INDEX policy_app_regulatorylaws_departments_department_id_829f9f49 ON public.policy_app_regulatorylaws_departments USING btree (department_id);


--
-- Name: policy_app_regulatorylaws_policy_policy_id_c6d5f0e6; Type: INDEX; Schema: public; Owner: riskmanagement_user_admin
--

CREATE INDEX policy_app_regulatorylaws_policy_policy_id_c6d5f0e6 ON public.policy_app_regulatorylaws_policy USING btree (policy_id);


--
-- Name: policy_app_regulatorylaws_policy_regulatorylaws_id_2023e792; Type: INDEX; Schema: public; Owner: riskmanagement_user_admin
--

CREATE INDEX policy_app_regulatorylaws_policy_regulatorylaws_id_2023e792 ON public.policy_app_regulatorylaws_policy USING btree (regulatorylaws_id);


--
-- Name: risk_app_profile_company_id_7e53c888; Type: INDEX; Schema: public; Owner: riskmanagement_user_admin
--

CREATE INDEX risk_app_profile_company_id_7e53c888 ON public.risk_app_profile USING btree (company_id);


--
-- Name: risk_app_profile_departments_department_id_f95e6add; Type: INDEX; Schema: public; Owner: riskmanagement_user_admin
--

CREATE INDEX risk_app_profile_departments_department_id_f95e6add ON public.risk_app_profile_departments USING btree (department_id);


--
-- Name: risk_app_profile_departments_profile_id_2a61b009; Type: INDEX; Schema: public; Owner: riskmanagement_user_admin
--

CREATE INDEX risk_app_profile_departments_profile_id_2a61b009 ON public.risk_app_profile_departments USING btree (profile_id);


--
-- Name: audit_app_auditengagement audit_app_auditengag_annual_plan_id_d05bfc97_fk_audit_app; Type: FK CONSTRAINT; Schema: public; Owner: riskmanagement_user_admin
--

ALTER TABLE ONLY public.audit_app_auditengagement
    ADD CONSTRAINT audit_app_auditengag_annual_plan_id_d05bfc97_fk_audit_app FOREIGN KEY (annual_plan_id) REFERENCES public.audit_app_annualplan(id) DEFERRABLE INITIALLY DEFERRED;


--
-- Name: audit_app_auditengagement audit_app_auditengag_department_id_4e3d3715_fk_master_ap; Type: FK CONSTRAINT; Schema: public; Owner: riskmanagement_user_admin
--

ALTER TABLE ONLY public.audit_app_auditengagement
    ADD CONSTRAINT audit_app_auditengag_department_id_4e3d3715_fk_master_ap FOREIGN KEY (department_id) REFERENCES public.master_app_department(id) DEFERRABLE INITIALLY DEFERRED;


--
-- Name: audit_app_auditengagementattachment audit_app_auditengag_ticket_id_3f2cc088_fk_audit_app; Type: FK CONSTRAINT; Schema: public; Owner: riskmanagement_user_admin
--

ALTER TABLE ONLY public.audit_app_auditengagementattachment
    ADD CONSTRAINT audit_app_auditengag_ticket_id_3f2cc088_fk_audit_app FOREIGN KEY (ticket_id) REFERENCES public.audit_app_auditengagement(id) DEFERRABLE INITIALLY DEFERRED;


--
-- Name: audit_app_auditprogram audit_app_auditprogr_audit_engagement_id_f45f25cc_fk_audit_app; Type: FK CONSTRAINT; Schema: public; Owner: riskmanagement_user_admin
--

ALTER TABLE ONLY public.audit_app_auditprogram
    ADD CONSTRAINT audit_app_auditprogr_audit_engagement_id_f45f25cc_fk_audit_app FOREIGN KEY (audit_engagement_id) REFERENCES public.audit_app_auditengagement(id) DEFERRABLE INITIALLY DEFERRED;


--
-- Name: audit_app_auditprogramattachment audit_app_auditprogr_auditprogram_id_7488c681_fk_audit_app; Type: FK CONSTRAINT; Schema: public; Owner: riskmanagement_user_admin
--

ALTER TABLE ONLY public.audit_app_auditprogramattachment
    ADD CONSTRAINT audit_app_auditprogr_auditprogram_id_7488c681_fk_audit_app FOREIGN KEY (auditprogram_id) REFERENCES public.audit_app_auditprogram(id) DEFERRABLE INITIALLY DEFERRED;


--
-- Name: audit_app_auditprogram_controls audit_app_auditprogr_auditprogram_id_868e9cd9_fk_audit_app; Type: FK CONSTRAINT; Schema: public; Owner: riskmanagement_user_admin
--

ALTER TABLE ONLY public.audit_app_auditprogram_controls
    ADD CONSTRAINT audit_app_auditprogr_auditprogram_id_868e9cd9_fk_audit_app FOREIGN KEY (auditprogram_id) REFERENCES public.audit_app_auditprogram(id) DEFERRABLE INITIALLY DEFERRED;


--
-- Name: audit_app_auditprogram_risk_tagging audit_app_auditprogr_auditprogram_id_b149e9ee_fk_audit_app; Type: FK CONSTRAINT; Schema: public; Owner: riskmanagement_user_admin
--

ALTER TABLE ONLY public.audit_app_auditprogram_risk_tagging
    ADD CONSTRAINT audit_app_auditprogr_auditprogram_id_b149e9ee_fk_audit_app FOREIGN KEY (auditprogram_id) REFERENCES public.audit_app_auditprogram(id) DEFERRABLE INITIALLY DEFERRED;


--
-- Name: audit_app_auditprogram_controls audit_app_auditprogr_control_id_8226a828_fk_policy_ap; Type: FK CONSTRAINT; Schema: public; Owner: riskmanagement_user_admin
--

ALTER TABLE ONLY public.audit_app_auditprogram_controls
    ADD CONSTRAINT audit_app_auditprogr_control_id_8226a828_fk_policy_ap FOREIGN KEY (control_id) REFERENCES public.policy_app_control(id) DEFERRABLE INITIALLY DEFERRED;


--
-- Name: audit_app_auditprogram_risk_tagging audit_app_auditprogr_riskregister_id_cda88209_fk_risk_app_; Type: FK CONSTRAINT; Schema: public; Owner: riskmanagement_user_admin
--

ALTER TABLE ONLY public.audit_app_auditprogram_risk_tagging
    ADD CONSTRAINT audit_app_auditprogr_riskregister_id_cda88209_fk_risk_app_ FOREIGN KEY (riskregister_id) REFERENCES public.risk_app_riskregister(id) DEFERRABLE INITIALLY DEFERRED;


--
-- Name: auth_group_permissions auth_group_permissio_permission_id_84c5c92e_fk_auth_perm; Type: FK CONSTRAINT; Schema: public; Owner: riskmanagement_user_admin
--

ALTER TABLE ONLY public.auth_group_permissions
    ADD CONSTRAINT auth_group_permissio_permission_id_84c5c92e_fk_auth_perm FOREIGN KEY (permission_id) REFERENCES public.auth_permission(id) DEFERRABLE INITIALLY DEFERRED;


--
-- Name: auth_group_permissions auth_group_permissions_group_id_b120cbf9_fk_auth_group_id; Type: FK CONSTRAINT; Schema: public; Owner: riskmanagement_user_admin
--

ALTER TABLE ONLY public.auth_group_permissions
    ADD CONSTRAINT auth_group_permissions_group_id_b120cbf9_fk_auth_group_id FOREIGN KEY (group_id) REFERENCES public.auth_group(id) DEFERRABLE INITIALLY DEFERRED;


--
-- Name: auth_permission auth_permission_content_type_id_2f476e4b_fk_django_co; Type: FK CONSTRAINT; Schema: public; Owner: riskmanagement_user_admin
--

ALTER TABLE ONLY public.auth_permission
    ADD CONSTRAINT auth_permission_content_type_id_2f476e4b_fk_django_co FOREIGN KEY (content_type_id) REFERENCES public.django_content_type(id) DEFERRABLE INITIALLY DEFERRED;


--
-- Name: auth_user_groups auth_user_groups_group_id_97559544_fk_auth_group_id; Type: FK CONSTRAINT; Schema: public; Owner: riskmanagement_user_admin
--

ALTER TABLE ONLY public.auth_user_groups
    ADD CONSTRAINT auth_user_groups_group_id_97559544_fk_auth_group_id FOREIGN KEY (group_id) REFERENCES public.auth_group(id) DEFERRABLE INITIALLY DEFERRED;


--
-- Name: auth_user_groups auth_user_groups_user_id_6a12ed8b_fk_auth_user_id; Type: FK CONSTRAINT; Schema: public; Owner: riskmanagement_user_admin
--

ALTER TABLE ONLY public.auth_user_groups
    ADD CONSTRAINT auth_user_groups_user_id_6a12ed8b_fk_auth_user_id FOREIGN KEY (user_id) REFERENCES public.auth_user(id) DEFERRABLE INITIALLY DEFERRED;


--
-- Name: auth_user_user_permissions auth_user_user_permi_permission_id_1fbb5f2c_fk_auth_perm; Type: FK CONSTRAINT; Schema: public; Owner: riskmanagement_user_admin
--

ALTER TABLE ONLY public.auth_user_user_permissions
    ADD CONSTRAINT auth_user_user_permi_permission_id_1fbb5f2c_fk_auth_perm FOREIGN KEY (permission_id) REFERENCES public.auth_permission(id) DEFERRABLE INITIALLY DEFERRED;


--
-- Name: auth_user_user_permissions auth_user_user_permissions_user_id_a95ead1b_fk_auth_user_id; Type: FK CONSTRAINT; Schema: public; Owner: riskmanagement_user_admin
--

ALTER TABLE ONLY public.auth_user_user_permissions
    ADD CONSTRAINT auth_user_user_permissions_user_id_a95ead1b_fk_auth_user_id FOREIGN KEY (user_id) REFERENCES public.auth_user(id) DEFERRABLE INITIALLY DEFERRED;


--
-- Name: authtoken_token authtoken_token_user_id_35299eff_fk_auth_user_id; Type: FK CONSTRAINT; Schema: public; Owner: riskmanagement_user_admin
--

ALTER TABLE ONLY public.authtoken_token
    ADD CONSTRAINT authtoken_token_user_id_35299eff_fk_auth_user_id FOREIGN KEY (user_id) REFERENCES public.auth_user(id) DEFERRABLE INITIALLY DEFERRED;


--
-- Name: django_admin_log django_admin_log_content_type_id_c4bce8eb_fk_django_co; Type: FK CONSTRAINT; Schema: public; Owner: riskmanagement_user_admin
--

ALTER TABLE ONLY public.django_admin_log
    ADD CONSTRAINT django_admin_log_content_type_id_c4bce8eb_fk_django_co FOREIGN KEY (content_type_id) REFERENCES public.django_content_type(id) DEFERRABLE INITIALLY DEFERRED;


--
-- Name: django_admin_log django_admin_log_user_id_c564eba6_fk_auth_user_id; Type: FK CONSTRAINT; Schema: public; Owner: riskmanagement_user_admin
--

ALTER TABLE ONLY public.django_admin_log
    ADD CONSTRAINT django_admin_log_user_id_c564eba6_fk_auth_user_id FOREIGN KEY (user_id) REFERENCES public.auth_user(id) DEFERRABLE INITIALLY DEFERRED;


--
-- Name: django_rest_passwordreset_resetpasswordtoken django_rest_password_user_id_e8015b11_fk_auth_user; Type: FK CONSTRAINT; Schema: public; Owner: riskmanagement_user_admin
--

ALTER TABLE ONLY public.django_rest_passwordreset_resetpasswordtoken
    ADD CONSTRAINT django_rest_password_user_id_e8015b11_fk_auth_user FOREIGN KEY (user_id) REFERENCES public.auth_user(id) DEFERRABLE INITIALLY DEFERRED;


--
-- Name: master_app_companysetup_departments master_app_companyse_companysetup_id_ea6d96c2_fk_master_ap; Type: FK CONSTRAINT; Schema: public; Owner: riskmanagement_user_admin
--

ALTER TABLE ONLY public.master_app_companysetup_departments
    ADD CONSTRAINT master_app_companyse_companysetup_id_ea6d96c2_fk_master_ap FOREIGN KEY (companysetup_id) REFERENCES public.master_app_companysetup(id) DEFERRABLE INITIALLY DEFERRED;


--
-- Name: master_app_companysetup_departments master_app_companyse_department_id_095dcc7a_fk_master_ap; Type: FK CONSTRAINT; Schema: public; Owner: riskmanagement_user_admin
--

ALTER TABLE ONLY public.master_app_companysetup_departments
    ADD CONSTRAINT master_app_companyse_department_id_095dcc7a_fk_master_ap FOREIGN KEY (department_id) REFERENCES public.master_app_department(id) DEFERRABLE INITIALLY DEFERRED;


--
-- Name: master_app_controlobjective_policy master_app_controlob_controlobjective_id_33bf0dff_fk_master_ap; Type: FK CONSTRAINT; Schema: public; Owner: riskmanagement_user_admin
--

ALTER TABLE ONLY public.master_app_controlobjective_policy
    ADD CONSTRAINT master_app_controlob_controlobjective_id_33bf0dff_fk_master_ap FOREIGN KEY (controlobjective_id) REFERENCES public.master_app_controlobjective(id) DEFERRABLE INITIALLY DEFERRED;


--
-- Name: master_app_controlobjective_policy master_app_controlob_policy_id_0996a73c_fk_policy_ap; Type: FK CONSTRAINT; Schema: public; Owner: riskmanagement_user_admin
--

ALTER TABLE ONLY public.master_app_controlobjective_policy
    ADD CONSTRAINT master_app_controlob_policy_id_0996a73c_fk_policy_ap FOREIGN KEY (policy_id) REFERENCES public.policy_app_policy(id) DEFERRABLE INITIALLY DEFERRED;


--
-- Name: master_app_subdepartment master_app_subdepart_department_id_8678b99f_fk_master_ap; Type: FK CONSTRAINT; Schema: public; Owner: riskmanagement_user_admin
--

ALTER TABLE ONLY public.master_app_subdepartment
    ADD CONSTRAINT master_app_subdepart_department_id_8678b99f_fk_master_ap FOREIGN KEY (department_id) REFERENCES public.master_app_department(id) DEFERRABLE INITIALLY DEFERRED;


--
-- Name: policy_app_control_control_objective policy_app_control_c_control_id_04db75b9_fk_policy_ap; Type: FK CONSTRAINT; Schema: public; Owner: riskmanagement_user_admin
--

ALTER TABLE ONLY public.policy_app_control_control_objective
    ADD CONSTRAINT policy_app_control_c_control_id_04db75b9_fk_policy_ap FOREIGN KEY (control_id) REFERENCES public.policy_app_control(id) DEFERRABLE INITIALLY DEFERRED;


--
-- Name: policy_app_control_control_objective policy_app_control_c_controlobjective_id_6272e2aa_fk_master_ap; Type: FK CONSTRAINT; Schema: public; Owner: riskmanagement_user_admin
--

ALTER TABLE ONLY public.policy_app_control_control_objective
    ADD CONSTRAINT policy_app_control_c_controlobjective_id_6272e2aa_fk_master_ap FOREIGN KEY (controlobjective_id) REFERENCES public.master_app_controlobjective(id) DEFERRABLE INITIALLY DEFERRED;


--
-- Name: policy_app_control_departments policy_app_control_d_control_id_8a8737c0_fk_policy_ap; Type: FK CONSTRAINT; Schema: public; Owner: riskmanagement_user_admin
--

ALTER TABLE ONLY public.policy_app_control_departments
    ADD CONSTRAINT policy_app_control_d_control_id_8a8737c0_fk_policy_ap FOREIGN KEY (control_id) REFERENCES public.policy_app_control(id) DEFERRABLE INITIALLY DEFERRED;


--
-- Name: policy_app_control_departments policy_app_control_d_department_id_fa05c738_fk_master_ap; Type: FK CONSTRAINT; Schema: public; Owner: riskmanagement_user_admin
--

ALTER TABLE ONLY public.policy_app_control_departments
    ADD CONSTRAINT policy_app_control_d_department_id_fa05c738_fk_master_ap FOREIGN KEY (department_id) REFERENCES public.master_app_department(id) DEFERRABLE INITIALLY DEFERRED;


--
-- Name: policy_app_control_policy policy_app_control_p_control_id_d078bb44_fk_policy_ap; Type: FK CONSTRAINT; Schema: public; Owner: riskmanagement_user_admin
--

ALTER TABLE ONLY public.policy_app_control_policy
    ADD CONSTRAINT policy_app_control_p_control_id_d078bb44_fk_policy_ap FOREIGN KEY (control_id) REFERENCES public.policy_app_control(id) DEFERRABLE INITIALLY DEFERRED;


--
-- Name: policy_app_control_policy policy_app_control_p_policy_id_b7c11a58_fk_policy_ap; Type: FK CONSTRAINT; Schema: public; Owner: riskmanagement_user_admin
--

ALTER TABLE ONLY public.policy_app_control_policy
    ADD CONSTRAINT policy_app_control_p_policy_id_b7c11a58_fk_policy_ap FOREIGN KEY (policy_id) REFERENCES public.policy_app_policy(id) DEFERRABLE INITIALLY DEFERRED;


--
-- Name: policy_app_control_regulatory_laws policy_app_control_r_control_id_b74368e5_fk_policy_ap; Type: FK CONSTRAINT; Schema: public; Owner: riskmanagement_user_admin
--

ALTER TABLE ONLY public.policy_app_control_regulatory_laws
    ADD CONSTRAINT policy_app_control_r_control_id_b74368e5_fk_policy_ap FOREIGN KEY (control_id) REFERENCES public.policy_app_control(id) DEFERRABLE INITIALLY DEFERRED;


--
-- Name: policy_app_control_regulatory_laws policy_app_control_r_regulatorylaws_id_ddbdb637_fk_policy_ap; Type: FK CONSTRAINT; Schema: public; Owner: riskmanagement_user_admin
--

ALTER TABLE ONLY public.policy_app_control_regulatory_laws
    ADD CONSTRAINT policy_app_control_r_regulatorylaws_id_ddbdb637_fk_policy_ap FOREIGN KEY (regulatorylaws_id) REFERENCES public.policy_app_regulatorylaws(id) DEFERRABLE INITIALLY DEFERRED;


--
-- Name: policy_app_issuecontrol policy_app_issuecont_control_id_d5a180f6_fk_policy_ap; Type: FK CONSTRAINT; Schema: public; Owner: riskmanagement_user_admin
--

ALTER TABLE ONLY public.policy_app_issuecontrol
    ADD CONSTRAINT policy_app_issuecont_control_id_d5a180f6_fk_policy_ap FOREIGN KEY (control_id) REFERENCES public.policy_app_control(id) DEFERRABLE INITIALLY DEFERRED;


--
-- Name: policy_app_issuecontrol policy_app_issuecont_control_objective_id_ea8b2653_fk_master_ap; Type: FK CONSTRAINT; Schema: public; Owner: riskmanagement_user_admin
--

ALTER TABLE ONLY public.policy_app_issuecontrol
    ADD CONSTRAINT policy_app_issuecont_control_objective_id_ea8b2653_fk_master_ap FOREIGN KEY (control_objective_id) REFERENCES public.master_app_controlobjective(id) DEFERRABLE INITIALLY DEFERRED;


--
-- Name: policy_app_policy_departments policy_app_policy_de_department_id_4c181dcb_fk_master_ap; Type: FK CONSTRAINT; Schema: public; Owner: riskmanagement_user_admin
--

ALTER TABLE ONLY public.policy_app_policy_departments
    ADD CONSTRAINT policy_app_policy_de_department_id_4c181dcb_fk_master_ap FOREIGN KEY (department_id) REFERENCES public.master_app_department(id) DEFERRABLE INITIALLY DEFERRED;


--
-- Name: policy_app_policy_departments policy_app_policy_de_policy_id_17aa87d8_fk_policy_ap; Type: FK CONSTRAINT; Schema: public; Owner: riskmanagement_user_admin
--

ALTER TABLE ONLY public.policy_app_policy_departments
    ADD CONSTRAINT policy_app_policy_de_policy_id_17aa87d8_fk_policy_ap FOREIGN KEY (policy_id) REFERENCES public.policy_app_policy(id) DEFERRABLE INITIALLY DEFERRED;


--
-- Name: policy_app_regulatorylaws_departments policy_app_regulator_department_id_829f9f49_fk_master_ap; Type: FK CONSTRAINT; Schema: public; Owner: riskmanagement_user_admin
--

ALTER TABLE ONLY public.policy_app_regulatorylaws_departments
    ADD CONSTRAINT policy_app_regulator_department_id_829f9f49_fk_master_ap FOREIGN KEY (department_id) REFERENCES public.master_app_department(id) DEFERRABLE INITIALLY DEFERRED;


--
-- Name: policy_app_regulatorylaws_policy policy_app_regulator_policy_id_c6d5f0e6_fk_policy_ap; Type: FK CONSTRAINT; Schema: public; Owner: riskmanagement_user_admin
--

ALTER TABLE ONLY public.policy_app_regulatorylaws_policy
    ADD CONSTRAINT policy_app_regulator_policy_id_c6d5f0e6_fk_policy_ap FOREIGN KEY (policy_id) REFERENCES public.policy_app_policy(id) DEFERRABLE INITIALLY DEFERRED;


--
-- Name: policy_app_regulatorylaws_policy policy_app_regulator_regulatorylaws_id_2023e792_fk_policy_ap; Type: FK CONSTRAINT; Schema: public; Owner: riskmanagement_user_admin
--

ALTER TABLE ONLY public.policy_app_regulatorylaws_policy
    ADD CONSTRAINT policy_app_regulator_regulatorylaws_id_2023e792_fk_policy_ap FOREIGN KEY (regulatorylaws_id) REFERENCES public.policy_app_regulatorylaws(id) DEFERRABLE INITIALLY DEFERRED;


--
-- Name: policy_app_regulatorylaws_departments policy_app_regulator_regulatorylaws_id_503fd1af_fk_policy_ap; Type: FK CONSTRAINT; Schema: public; Owner: riskmanagement_user_admin
--

ALTER TABLE ONLY public.policy_app_regulatorylaws_departments
    ADD CONSTRAINT policy_app_regulator_regulatorylaws_id_503fd1af_fk_policy_ap FOREIGN KEY (regulatorylaws_id) REFERENCES public.policy_app_regulatorylaws(id) DEFERRABLE INITIALLY DEFERRED;


--
-- Name: risk_app_profile risk_app_profile_company_id_7e53c888_fk_master_ap; Type: FK CONSTRAINT; Schema: public; Owner: riskmanagement_user_admin
--

ALTER TABLE ONLY public.risk_app_profile
    ADD CONSTRAINT risk_app_profile_company_id_7e53c888_fk_master_ap FOREIGN KEY (company_id) REFERENCES public.master_app_companysetup(id) DEFERRABLE INITIALLY DEFERRED;


--
-- Name: risk_app_profile_departments risk_app_profile_dep_department_id_f95e6add_fk_master_ap; Type: FK CONSTRAINT; Schema: public; Owner: riskmanagement_user_admin
--

ALTER TABLE ONLY public.risk_app_profile_departments
    ADD CONSTRAINT risk_app_profile_dep_department_id_f95e6add_fk_master_ap FOREIGN KEY (department_id) REFERENCES public.master_app_department(id) DEFERRABLE INITIALLY DEFERRED;


--
-- Name: risk_app_profile_departments risk_app_profile_dep_profile_id_2a61b009_fk_risk_app_; Type: FK CONSTRAINT; Schema: public; Owner: riskmanagement_user_admin
--

ALTER TABLE ONLY public.risk_app_profile_departments
    ADD CONSTRAINT risk_app_profile_dep_profile_id_2a61b009_fk_risk_app_ FOREIGN KEY (profile_id) REFERENCES public.risk_app_profile(id) DEFERRABLE INITIALLY DEFERRED;


--
-- Name: risk_app_profile risk_app_profile_user_id_ea40fb33_fk_auth_user_id; Type: FK CONSTRAINT; Schema: public; Owner: riskmanagement_user_admin
--

ALTER TABLE ONLY public.risk_app_profile
    ADD CONSTRAINT risk_app_profile_user_id_ea40fb33_fk_auth_user_id FOREIGN KEY (user_id) REFERENCES public.auth_user(id) DEFERRABLE INITIALLY DEFERRED;


--
-- PostgreSQL database dump complete
--

