--
-- PostgreSQL database dump
--

-- Dumped from database version 12.16 (Ubuntu 12.16-0ubuntu0.20.04.1)
-- Dumped by pg_dump version 12.16 (Ubuntu 12.16-0ubuntu0.20.04.1)

SET statement_timeout = 0;
SET lock_timeout = 0;
SET idle_in_transaction_session_timeout = 0;
SET client_encoding = 'UTF8';
SET standard_conforming_strings = on;
SELECT pg_catalog.set_config('search_path', '', false);
SET check_function_bodies = false;
SET xmloption = content;
SET client_min_messages = warning;
SET row_security = off;

SET default_tablespace = '';

SET default_table_access_method = heap;

--
-- Name: auth_group; Type: TABLE; Schema: public; Owner: riskrepoadmin
--

CREATE TABLE public.auth_group (
    id integer NOT NULL,
    name character varying(150) NOT NULL
);


ALTER TABLE public.auth_group OWNER TO riskrepoadmin;

--
-- Name: auth_group_id_seq; Type: SEQUENCE; Schema: public; Owner: riskrepoadmin
--

ALTER TABLE public.auth_group ALTER COLUMN id ADD GENERATED BY DEFAULT AS IDENTITY (
    SEQUENCE NAME public.auth_group_id_seq
    START WITH 1
    INCREMENT BY 1
    NO MINVALUE
    NO MAXVALUE
    CACHE 1
);


--
-- Name: auth_group_permissions; Type: TABLE; Schema: public; Owner: riskrepoadmin
--

CREATE TABLE public.auth_group_permissions (
    id bigint NOT NULL,
    group_id integer NOT NULL,
    permission_id integer NOT NULL
);


ALTER TABLE public.auth_group_permissions OWNER TO riskrepoadmin;

--
-- Name: auth_group_permissions_id_seq; Type: SEQUENCE; Schema: public; Owner: riskrepoadmin
--

ALTER TABLE public.auth_group_permissions ALTER COLUMN id ADD GENERATED BY DEFAULT AS IDENTITY (
    SEQUENCE NAME public.auth_group_permissions_id_seq
    START WITH 1
    INCREMENT BY 1
    NO MINVALUE
    NO MAXVALUE
    CACHE 1
);


--
-- Name: auth_permission; Type: TABLE; Schema: public; Owner: riskrepoadmin
--

CREATE TABLE public.auth_permission (
    id integer NOT NULL,
    name character varying(255) NOT NULL,
    content_type_id integer NOT NULL,
    codename character varying(100) NOT NULL
);


ALTER TABLE public.auth_permission OWNER TO riskrepoadmin;

--
-- Name: auth_permission_id_seq; Type: SEQUENCE; Schema: public; Owner: riskrepoadmin
--

ALTER TABLE public.auth_permission ALTER COLUMN id ADD GENERATED BY DEFAULT AS IDENTITY (
    SEQUENCE NAME public.auth_permission_id_seq
    START WITH 1
    INCREMENT BY 1
    NO MINVALUE
    NO MAXVALUE
    CACHE 1
);


--
-- Name: auth_user; Type: TABLE; Schema: public; Owner: riskrepoadmin
--

CREATE TABLE public.auth_user (
    id integer NOT NULL,
    password character varying(128) NOT NULL,
    last_login timestamp with time zone,
    is_superuser boolean NOT NULL,
    username character varying(150) NOT NULL,
    first_name character varying(150) NOT NULL,
    last_name character varying(150) NOT NULL,
    email character varying(254) NOT NULL,
    is_staff boolean NOT NULL,
    is_active boolean NOT NULL,
    date_joined timestamp with time zone NOT NULL
);


ALTER TABLE public.auth_user OWNER TO riskrepoadmin;

--
-- Name: auth_user_groups; Type: TABLE; Schema: public; Owner: riskrepoadmin
--

CREATE TABLE public.auth_user_groups (
    id bigint NOT NULL,
    user_id integer NOT NULL,
    group_id integer NOT NULL
);


ALTER TABLE public.auth_user_groups OWNER TO riskrepoadmin;

--
-- Name: auth_user_groups_id_seq; Type: SEQUENCE; Schema: public; Owner: riskrepoadmin
--

ALTER TABLE public.auth_user_groups ALTER COLUMN id ADD GENERATED BY DEFAULT AS IDENTITY (
    SEQUENCE NAME public.auth_user_groups_id_seq
    START WITH 1
    INCREMENT BY 1
    NO MINVALUE
    NO MAXVALUE
    CACHE 1
);


--
-- Name: auth_user_id_seq; Type: SEQUENCE; Schema: public; Owner: riskrepoadmin
--

ALTER TABLE public.auth_user ALTER COLUMN id ADD GENERATED BY DEFAULT AS IDENTITY (
    SEQUENCE NAME public.auth_user_id_seq
    START WITH 1
    INCREMENT BY 1
    NO MINVALUE
    NO MAXVALUE
    CACHE 1
);


--
-- Name: auth_user_user_permissions; Type: TABLE; Schema: public; Owner: riskrepoadmin
--

CREATE TABLE public.auth_user_user_permissions (
    id bigint NOT NULL,
    user_id integer NOT NULL,
    permission_id integer NOT NULL
);


ALTER TABLE public.auth_user_user_permissions OWNER TO riskrepoadmin;

--
-- Name: auth_user_user_permissions_id_seq; Type: SEQUENCE; Schema: public; Owner: riskrepoadmin
--

ALTER TABLE public.auth_user_user_permissions ALTER COLUMN id ADD GENERATED BY DEFAULT AS IDENTITY (
    SEQUENCE NAME public.auth_user_user_permissions_id_seq
    START WITH 1
    INCREMENT BY 1
    NO MINVALUE
    NO MAXVALUE
    CACHE 1
);


--
-- Name: base_auditprogramrepo; Type: TABLE; Schema: public; Owner: riskrepoadmin
--

CREATE TABLE public.base_auditprogramrepo (
    id bigint NOT NULL,
    title text,
    summary text,
    description text NOT NULL,
    category character varying(100) NOT NULL,
    department_name text
);


ALTER TABLE public.base_auditprogramrepo OWNER TO riskrepoadmin;

--
-- Name: base_auditprogramrepo_id_seq; Type: SEQUENCE; Schema: public; Owner: riskrepoadmin
--

ALTER TABLE public.base_auditprogramrepo ALTER COLUMN id ADD GENERATED BY DEFAULT AS IDENTITY (
    SEQUENCE NAME public.base_auditprogramrepo_id_seq
    START WITH 1
    INCREMENT BY 1
    NO MINVALUE
    NO MAXVALUE
    CACHE 1
);


--
-- Name: base_department; Type: TABLE; Schema: public; Owner: riskrepoadmin
--

CREATE TABLE public.base_department (
    id bigint NOT NULL,
    department_name character varying(30)
);


ALTER TABLE public.base_department OWNER TO riskrepoadmin;

--
-- Name: base_department_id_seq; Type: SEQUENCE; Schema: public; Owner: riskrepoadmin
--

ALTER TABLE public.base_department ALTER COLUMN id ADD GENERATED BY DEFAULT AS IDENTITY (
    SEQUENCE NAME public.base_department_id_seq
    START WITH 1
    INCREMENT BY 1
    NO MINVALUE
    NO MAXVALUE
    CACHE 1
);


--
-- Name: base_item; Type: TABLE; Schema: public; Owner: riskrepoadmin
--

CREATE TABLE public.base_item (
    id bigint NOT NULL,
    name character varying(200) NOT NULL,
    created timestamp with time zone NOT NULL
);


ALTER TABLE public.base_item OWNER TO riskrepoadmin;

--
-- Name: base_item_id_seq; Type: SEQUENCE; Schema: public; Owner: riskrepoadmin
--

ALTER TABLE public.base_item ALTER COLUMN id ADD GENERATED BY DEFAULT AS IDENTITY (
    SEQUENCE NAME public.base_item_id_seq
    START WITH 1
    INCREMENT BY 1
    NO MINVALUE
    NO MAXVALUE
    CACHE 1
);


--
-- Name: base_riskrepo; Type: TABLE; Schema: public; Owner: riskrepoadmin
--

CREATE TABLE public.base_riskrepo (
    id bigint NOT NULL,
    title text,
    department_name text,
    description text NOT NULL
);


ALTER TABLE public.base_riskrepo OWNER TO riskrepoadmin;

--
-- Name: base_riskrepo_id_seq; Type: SEQUENCE; Schema: public; Owner: riskrepoadmin
--

ALTER TABLE public.base_riskrepo ALTER COLUMN id ADD GENERATED BY DEFAULT AS IDENTITY (
    SEQUENCE NAME public.base_riskrepo_id_seq
    START WITH 1
    INCREMENT BY 1
    NO MINVALUE
    NO MAXVALUE
    CACHE 1
);


--
-- Name: django_admin_log; Type: TABLE; Schema: public; Owner: riskrepoadmin
--

CREATE TABLE public.django_admin_log (
    id integer NOT NULL,
    action_time timestamp with time zone NOT NULL,
    object_id text,
    object_repr character varying(200) NOT NULL,
    action_flag smallint NOT NULL,
    change_message text NOT NULL,
    content_type_id integer,
    user_id integer NOT NULL,
    CONSTRAINT django_admin_log_action_flag_check CHECK ((action_flag >= 0))
);


ALTER TABLE public.django_admin_log OWNER TO riskrepoadmin;

--
-- Name: django_admin_log_id_seq; Type: SEQUENCE; Schema: public; Owner: riskrepoadmin
--

ALTER TABLE public.django_admin_log ALTER COLUMN id ADD GENERATED BY DEFAULT AS IDENTITY (
    SEQUENCE NAME public.django_admin_log_id_seq
    START WITH 1
    INCREMENT BY 1
    NO MINVALUE
    NO MAXVALUE
    CACHE 1
);


--
-- Name: django_content_type; Type: TABLE; Schema: public; Owner: riskrepoadmin
--

CREATE TABLE public.django_content_type (
    id integer NOT NULL,
    app_label character varying(100) NOT NULL,
    model character varying(100) NOT NULL
);


ALTER TABLE public.django_content_type OWNER TO riskrepoadmin;

--
-- Name: django_content_type_id_seq; Type: SEQUENCE; Schema: public; Owner: riskrepoadmin
--

ALTER TABLE public.django_content_type ALTER COLUMN id ADD GENERATED BY DEFAULT AS IDENTITY (
    SEQUENCE NAME public.django_content_type_id_seq
    START WITH 1
    INCREMENT BY 1
    NO MINVALUE
    NO MAXVALUE
    CACHE 1
);


--
-- Name: django_migrations; Type: TABLE; Schema: public; Owner: riskrepoadmin
--

CREATE TABLE public.django_migrations (
    id bigint NOT NULL,
    app character varying(255) NOT NULL,
    name character varying(255) NOT NULL,
    applied timestamp with time zone NOT NULL
);


ALTER TABLE public.django_migrations OWNER TO riskrepoadmin;

--
-- Name: django_migrations_id_seq; Type: SEQUENCE; Schema: public; Owner: riskrepoadmin
--

ALTER TABLE public.django_migrations ALTER COLUMN id ADD GENERATED BY DEFAULT AS IDENTITY (
    SEQUENCE NAME public.django_migrations_id_seq
    START WITH 1
    INCREMENT BY 1
    NO MINVALUE
    NO MAXVALUE
    CACHE 1
);


--
-- Name: django_session; Type: TABLE; Schema: public; Owner: riskrepoadmin
--

CREATE TABLE public.django_session (
    session_key character varying(40) NOT NULL,
    session_data text NOT NULL,
    expire_date timestamp with time zone NOT NULL
);


ALTER TABLE public.django_session OWNER TO riskrepoadmin;

--
-- Data for Name: auth_group; Type: TABLE DATA; Schema: public; Owner: riskrepoadmin
--

COPY public.auth_group (id, name) FROM stdin;
\.


--
-- Data for Name: auth_group_permissions; Type: TABLE DATA; Schema: public; Owner: riskrepoadmin
--

COPY public.auth_group_permissions (id, group_id, permission_id) FROM stdin;
\.


--
-- Data for Name: auth_permission; Type: TABLE DATA; Schema: public; Owner: riskrepoadmin
--

COPY public.auth_permission (id, name, content_type_id, codename) FROM stdin;
1	Can add log entry	1	add_logentry
2	Can change log entry	1	change_logentry
3	Can delete log entry	1	delete_logentry
4	Can view log entry	1	view_logentry
5	Can add permission	2	add_permission
6	Can change permission	2	change_permission
7	Can delete permission	2	delete_permission
8	Can view permission	2	view_permission
9	Can add group	3	add_group
10	Can change group	3	change_group
11	Can delete group	3	delete_group
12	Can view group	3	view_group
13	Can add user	4	add_user
14	Can change user	4	change_user
15	Can delete user	4	delete_user
16	Can view user	4	view_user
17	Can add content type	5	add_contenttype
18	Can change content type	5	change_contenttype
19	Can delete content type	5	delete_contenttype
20	Can view content type	5	view_contenttype
21	Can add session	6	add_session
22	Can change session	6	change_session
23	Can delete session	6	delete_session
24	Can view session	6	view_session
25	Can add item	7	add_item
26	Can change item	7	change_item
27	Can delete item	7	delete_item
28	Can view item	7	view_item
29	Can add audit program repo	8	add_auditprogramrepo
30	Can change audit program repo	8	change_auditprogramrepo
31	Can delete audit program repo	8	delete_auditprogramrepo
32	Can view audit program repo	8	view_auditprogramrepo
33	Can add risk repo	9	add_riskrepo
34	Can change risk repo	9	change_riskrepo
35	Can delete risk repo	9	delete_riskrepo
36	Can view risk repo	9	view_riskrepo
37	Can add department	10	add_department
38	Can change department	10	change_department
39	Can delete department	10	delete_department
40	Can view department	10	view_department
\.


--
-- Data for Name: auth_user; Type: TABLE DATA; Schema: public; Owner: riskrepoadmin
--

COPY public.auth_user (id, password, last_login, is_superuser, username, first_name, last_name, email, is_staff, is_active, date_joined) FROM stdin;
1	pbkdf2_sha256$390000$ubtg6buwAbqGUvTA6ufW1W$HdYEGey1bZBmyDwNFShMsfNKRiNdqjlCg9wSxamlSNk=	2023-07-07 05:34:12.038762+00	t	admin			admin@gmail.com	t	t	2023-07-07 03:43:45.917848+00
\.


--
-- Data for Name: auth_user_groups; Type: TABLE DATA; Schema: public; Owner: riskrepoadmin
--

COPY public.auth_user_groups (id, user_id, group_id) FROM stdin;
\.


--
-- Data for Name: auth_user_user_permissions; Type: TABLE DATA; Schema: public; Owner: riskrepoadmin
--

COPY public.auth_user_user_permissions (id, user_id, permission_id) FROM stdin;
\.


--
-- Data for Name: base_auditprogramrepo; Type: TABLE DATA; Schema: public; Owner: riskrepoadmin
--

COPY public.base_auditprogramrepo (id, title, summary, description, category, department_name) FROM stdin;
1	Review the Company's training program	Obtain Company-wide training plans and ensure that it covers courses related to Compliance, Anti-Money Laundering, Anti-Fraud, New Regulations, KYC requirements and how to fill a KYC, CADD etc.\r\n\r\nObtain the training plan and ensure that training program included should satisfy Company needs continuously, liable to immediate change in case of the emergence of new issues, observations, material changes, updates that should be covered in rules and instructions, or a high rate of employee rotation, and when the need arises for re-training, according to training techniques inside or outside the Company for all employees.		Test of Control	Compliance
2	Review the Company's compliance risk assessment program	Obtain latest Compliance Risk Register prepared from the Compliance Risk Assessment carried out by the Company and ensure that it has identified regulatory compliance risks. \r\n \r\n\r\nThe risk register should contain:\r\n- mitigants with KPI\r\n- responsibility for mitigation.\r\nIf we are considering AML as part of Compliance the AML Risk register should be a part of the Compliance risk register with the following details:\r\n- high risk avenues in terms of AML & CTF\r\n- weight-age of resources and diligence to high risk areas\r\n- overall direction in establishing and implementing money laundering and terrorist financing monitoring controls\r\n\r\nEnsure that Company has implemented tools and procedures to measure the impact of each compliance risks. Select sample of risks from the compliance risk register and ensure the existence of compliance risk impact measure.		Test of Control	Compliance
4	Service Level Agreements for outsourced services	Obtain a list of all Compliance outsourced functions and ensure that an approved SLA agreement is in place.\r\n\r\nFurther, ensure that Compliance is monitoring the implementation of these SLAs on a regular basis.\r\n\r\nThe business compliance department should proactively review all third party contracts in order to obtain the required approval from concerned regulatory authority if needed.		Test of Control	Compliance
5	Review of compliance monitoring program	Obtain and review Annual Compliance Program and ensure the following:\r\n1. It includes a comprehensive compliance monitoring program to determine the level of response and compliance throughout the Company's sectors;\r\n\r\n2. It is based on identification, measurement and monitoring of risks and provides appropriate coverage of all businesses.\r\n\r\n3. It sets out the compliance department’s planned activities, such as the implementation and review of specific policies and procedures and ensuring their updating, compliance risk assessment, compliance testing, and educating and guiding staff on compliance and understanding of policies and procedures;\r\n\r\n4. It uses the principle of siren alarms siren to alert of breaches of regulations, internal and external violations and cases which expose the Company to compliance risks in certain situations; \r\n\r\n5. Ensure that the Company has in place a breach register.		Test of Control	Compliance
8	Obtain & Review Organisation Structure	Obtain and review the Resolution / approval by the Board/EXCO/Audit Committee to establish and support a permanent and effective compliance department (function) within the Company enjoying appropriate powers, responsibilities and reporting structure to apply and monitor Compliance functions. \r\n\r\nEnsure that the Board is responsible for appointing the Chief Compliance Officer.\r\n\r\nOther factors:\r\n1. Organisation structure of the Compliance Department\r\n2. Representation of the Head of Compliance in Board meetings		Test of Control	Compliance
7	Review the Company's practices to follow up and review regulatory fines and penalties	Check if the Compliance Manual includes the process to review penalties and fines including the root cause analysis conducted, action plan and future prevention.\r\n\r\nObtain details of penalties and fines imposed by regulators (SAMA, MOF, Municipalities etc.) and perform the following:\r\n- Inquire about the underlining reasons for the non-conformities.\r\n- Ensure if the non-conformities have been dealt 'closed', and if they still open document your observation.\r\n- Ensure that fines and penalties are closed in a timely manner\r\n- Ensure that adequate controls have been placed in order to prevent the occurrence of future similar non-conformities.		Test of Control	Compliance
6	Review of Company's retention policy and its implementation	Ensure that Company has established formally documented archiving and document retention guidelines for the compliance related documentation.		Test of Control	Compliance
9	Obtain Compliance Policies & Procedures	Obtain Compliance Policy and ensure that the Compliance Policy :\r\n\r\n- Was approved by the relevant authorities;\r\n\r\n- Mentions that in pursuance of its responsibilities, the Company’s audit committee is responsible for overseeing the management of the Company’s compliance risks;\r\n\r\n- States explicitly that Company’s senior management is responsible for the effective management of the Company’s compliance risks;\r\n\r\n- Also states the Company’s senior management is responsible for supporting all compliance policies by leading by example, communicating compliance policies and ensuring compliance therewith;\r\n\r\n- Promotes the compliance culture;\r\n\r\n- Compliance Principles and their fundamental significance to responsibility, compliance department's duties, defining the compliance principles and the ethical bases for good compliance with the compliance rule;\r\n\r\n- Define staff's responsibilities and penalties in case of negligence; \r\n\r\n- Defines levels that should be reached in Compliance;\r\n\r\n- Supports values of honesty and integrity throughout the Company;\r\n\r\n- Establishes overall and comprehensive commitment to compliance with all relevant laws, rules and standards which should be included in the core of the Company policy;\r\n\r\n- Ensures that an appropriate policy is in place to manage compliance risks; \r\n\r\n- Oversees the implementation of the policy, and ensuring that compliance issues are resolved effectively and rapidly by the senior management with the assistance of the Compliance Department;\r\n\r\n- Ensures provision of adequate resources to the department / function entrusted with compliance function; \r\n\r\n- Grants the department / function entrusted with compliance function enough independence;\r\n\r\n- Defines accurately the responsibilities of the department / function entrusted with compliance function;\r\n\r\n- Mechanism for periodically reviewing and independently monitoring the activities of the entity entrusted with compliance function by the Internal Audit Department;\r\n\r\n- Mechanism for ongoing supervision of the efforts made for the implementation of the Provisions of the Compliance Manual and the level of performance that has been achieved through periodic reports, and assessment of the activities of the compliance department, and identifying weaknesses, efforts made in training, and the attendance rate of staff of the meetings of the Audit Committee and the extent of performance of its responsibilities.\r\n\r\n- Provides ample explanation of procedures and processes by which compliance risks are to be identified and managed at all levels of the Company;\r\n\r\nEnsure that the Compliance Department assesses the appropriateness of the Company’s compliance policy, promptly follow up any identified shortcomings, and, where necessary, make proposals for amendments, and urge departments to make amendment proposals.\r\n- Provides details about adequate qualifications and experience for Officers and employees, including senior management, that enable them to carry out their duties and fulfil their responsibilities;\r\n\r\n- Education and training to be provided to all relevant officers and employees to ensure that all statutory developments, instructions and developments are applied in the Company's business;\r\n\r\n- Description of all laws, executing regulations, instructions, standards, guidance manuals, and requirements and the relationship of the Compliance Department with each in accordance with compliance risks;\r\n\r\n- Definition of confidential information and how it should be safeguarded and handled.  The statutory, contractual and ethical importance of protecting confidential information;\r\n\r\n- Description of the need for managing and controlling conflicts of interest, and continuously safeguarding the interests of customers and the relationship in managing conflicts of interest;\r\n\r\n- A description of the professional conduct policies for the Company and its employees and anything the Company deems appropriate to add, which strengthens the Company customers' confidence;\r\n\r\n- A description of permissible and impermissible sales practices.  The relationship should be clear.  Inappropriate pressure and obligations of propriety should be described. Individuals must understand what they are selling. They must ensure that their customers understand what they are buying. All Company’s decisions and customer communications must be documented; \r\n\r\n- A description of the policies and procedures governing personal investments, monitoring and controlling personal dealings, prohibited activities and if the employee has a job other than that in the Company. External businesses of such an employee shall be approved by the compliance officer with the approval of the senior management; \r\n\r\n- A description of the controls necessary on all cash gifts.  Cash is always prohibited.  In case of allowing in kind gifts to employees whose value is less than a certain limit (determined by the Company management), controls should be set to this end.  Gifts exceeding prescribed limit must be reported to the Compliance Department for approval; approval should be given only where there is no conflict of interest or inducement to the employee; \r\nel of the Company.		Test of Control	Compliance
10	Establishment of Compliance Committee	Review that the board has formed an internal committee, i.e. a compliance committee supported by the board and senior management in view of the importance of compliance with rules and instructions and related risks.\r\n\r\nReview whether the senior management, with the assistance of the compliance department, reports promptly to the board of directors or the compliance committee of the board on any material compliance failures or shortcomings (any serious failures that may result in a significant risk of legal actions, regulatory sanctions, material financial loss, or loss to reputation).		Test of Control	Compliance
11	Liaison with other departments	Review department communications and interview relevant personnel to ensure that effective liaison is made with other departments\r\n\r\nReview the Compliance Manual for responsibilities for communication and liaison with other departments\r\n\r\nCheck if any cross functional teams are in place to deal with compliance matters and how they are handled\r\n\r\nIdentify and interview contact persons in the Compliance Department for the nature and frequency of communications		Others	Compliance
12	Establishment of Audit Committee	Ensure that a Audit Committee is established also to perform functions and responsibilities related to supporting supervision and ensuring the efficient implementation of the compliance policy.\r\n\r\nReview Charter / Terms of Reference of the Audit Committee and ensure that it is approved by the Board/CEO and includes the following as objectives of the Audit Committee:\r\n\r\nTo oversee the compliance risks in the Company,\r\n\r\nTo ensure that the Company's management understands compliance risks to which the Company may be exposed and to have in place appropriate policies and procedures to manage such risks;\r\n\r\nTo oversee compliance with applicable relevant laws, regulations and resulting requirements that may impact the Company's compliance risk management.\r\n\r\nTo assist the compliance manager of directors in evaluation of the adequacy of resources allocated to the Compliance Department as well as the policies, procedures and techniques employed in the compliance function.\r\n\r\nTo review the major reports of regulators on the operations of the Company and their relevance to compliance		Test of Control	Compliance
13	Appointment of Anti Money Laundering Reporting Officer	Ensure that Company has appointed a MLRO to ensure compliance with AML/CTF requirements.\r\n\r\nObtain the job description of this person and ensure that he / she works independently, have the power to communicate with a superior management level (access to the board), and have the right to view customers’ identity data, due-diligence information and other related transaction records.\r\n\r\nEnsure SAMA no objection letter from is obtained for appointing a compliance officer		Others	Compliance
14	Obtain organsiation structure & departmental policies and procedures.	Obtain accounting manual and perform following tests:\r\n\r\nCheck the last policy revision and its approval by relevant authority. \r\n\r\nReview organisation and departmental structure and assess if it is appropriate. \r\n\r\nReview policies and procedures to assess if it is complete and appropriate for the Company.\r\n\r\nObtain the finance department policies & procedures and ensure it is updated and approved by appropriate level of authority.\r\n\r\nPerform high level analysis of the policies & procedures to ensure that it provides comprehensive guidance on major processes.		Others	Finance / Treasury
15	Obtain copies of quarterly and annual financial statements along with mapped trial balance	Obtain copies of quarterly and annual financial statements for period under review and check whether they were  reviewed / audited by the external auditors and submitted to regulatory authorities. \r\n\r\n- Obtain a list of all reports/documents being filed by the Company as on the date of the review\r\n\r\nObtain chart of accounts for the company to ensure that it is appropriate according to the need of the organization.\r\n\r\nObtain supporting schedules of all financial statements and review if these schedules are reconciled with trial balance and financial statements.		Others	Finance / Treasury
16	Obtain zakat and tax return	Obtain Zakat & Tax returns for the years ended along with the records and reports and ensure Zakat is subject to review of Consultant.		Others	Finance / Treasury
17	Obtain provisioning policy and working for the quarter	Obtain provisioning policy of the Company and compare it with the regulations to verify, it is in accordance with it.\r\n\r\nObtain list of all provisions made at the year end and recalculate the provisions with the underlying data and verify the accuracy of calculations and adequacy.\r\n\r\nReview, whether the provisioning working was reviewed by _________ in accordance with policy and procedures.		Test of Controls	Finance / Treasury
18	Obtain fixed assets register and supporting schedules for fixed asset verification	Obtain fixed asset register, physical fixed asset verification sheets & reconciliation sheets and ensure:\r\n- that there is no discrepancy\r\n- all major items are added / deleted in accordance with the Policy and Procedures. )\r\n- all assets appearing in fixed asset register are tagged		Test of Controls	Finance / Treasury
19	Obtain annual approved budget and variance analysis report	Obtain copy of approved budget along with supporting schedules, to ensure that the budget approved is appropriate and reasonable.\r\n\r\nApproved budget was uploaded in the Financial system by one person and its accuracy was verified by another independent person;\r\n\r\nAnnual budget corresponds with the approved strategy/strategic targets of the Bank as well as roll out plan\r\n\r\nFinal approved budget was communicated to the business lines before the commencement of the budget year and Business lines don’t have access rights to amend the approved budget figures in the system;\r\n\r\nAny changes in the approved budget during the year (if any), were made by the Budget Department in accordance with the pre-defined procedures;\r\n\r\nObtain monthly actual versus budgeted variances analysis to verify the following:-\r\n\r\nVariance analysis reports were duly reviewed and approved at appropriate level of authority;\r\n\r\nIn case of unfavourable variances, the reasons for variances are obtained, properly documented, analyzed and future action plans were devised;\r\n\r\nObtain and review monthly pack sent to the committee for months of [months under review] and minutes of meeting to identify major budgetary issues.\r\n\r\nObtain and review quarterly pack sent to the BOD for Bank level budgets for [quarter under review] and minutes of BoD meetings related to budget to identify major budgetary issues.		Test of Controls	Finance / Treasury
20	Obtain and review selected bank reconicliations on sample basis.	Verify if the reconciliation team is independent from the transaction processing team.\r\n\r\nObtain Bank reconciliations for the period from [period under review]and verify that:-\r\n-Balances are matched with the statement of account of the bank\r\n- Reconciliations are reviewed and signed off by a person independent of preparing it.\r\n- Understand if the process for reconciliation is automated or manual.\r\n- Ascertain the controls put in place to follow up for open Items\r\n- Check that the follow up reminders are sent of the open un-reconciled items on regular basis to the respective departments.\r\n- Determine the efficiency of the follow-up process through the number of old outstanding entries.\r\n- The respective departments send replies of the action taken on the open items and indicate the time frame within which the same will be cleared\r\n- Check if the reconciliation team hold the copies of the latest agreements with corresponding banks\r\n- Check if the reconciliation team verifies the accuracy of various income and expenditure charges levied to  accounts such as interest, maintenance charges etc. with the applicable agreement terms and conditions\r\n- Check if the reconciliation team submits the various reconciliation statements/reports to management/other departments at prescribed intervals.		Test of Controls	Finance / Treasury
21	Obtain listing of past due receivables.	Obtain list of past over due accounts.\r\n\r\nObtain past over due accounts report for the period from [under review] that were sent to business groups for investigation, review and discuss with the in-charge\r\n\r\nFor the selected samples check period for which accounts are past over due.		Test of Controls	Finance / Treasury
22	Obtain schedule of prepayments and accrued expenses reflected in the financial statements.	Select the prepaid expenses statements and check if the monthly-prepaid expense statement has been signed.\r\n\r\nCheck if the total amount in the excel sheet or any other application maintained for tracking various accounts agrees with the balance in GL.\r\n\r\nCheck if all the details of the break up for each account is available.\r\n\r\nDetermine if the expenses are amortized over the period of the expense.\r\n\r\nCheck if the entry for the amortization of the expenses is passed on a monthly basis. \r\n\r\nObtain the accrual statement prepared and verify that monthly provision statement prepared is signed.\r\n\r\nCheck if the provisions are made on the basis of written communication from the respective departments.\r\n\r\nEnsure that provision entry is passed on a monthly basis.		Test of Controls	Finance / Treasury
23	Obtain listing of bank accounts	- Obtain complete listing of all bank accounts maintained along with authorized signatories.\r\n- Obtain bank statements for whole years and select large value amounts of transfers and check their supporting documents.\r\n- Inspect the approvals, underlying and supporting documents of investment made and disposed as per the authority matrix.\r\n- Recalculate the return / profit accrued and earned to ensure accuracy.\r\n- Review the cash outflows to ensure that sufficient cash is available to meet the expenditures.		Test of Controls	Finance / Treasury
24	Obtain listing and supporting documents of financing facilities	- Obtain listing and supporting documents of financing facilities in place. \r\n- Review whether the Company is in compliance covenants as mentioned in the facilities, \r\n- Facilities withdrawl, rollover and repayment are strictly in accordance with the facility and are duly approved.		Test of Controls	Finance / Treasury
25	Obtain monthly payroll on sample basis and assess if it is prepared in accordance with policy and procedures.	Compare the salary expense of current period under review with prior period and inquire of significant variance (if any).\r\n\r\nMaster data files are encrypted and only available to authorized staff.\r\n\r\nObtain a list of approve strength - Department wise and compare with the actual strength of the employees.  Note the variation and comment upon the cases where the actual strength of the employees is more than the sanctioned strength.  Check approval for the extra man power deployed. \r\n\r\nOn a sample basis\r\nInspect the approval of Head of HR to ensure that payroll is appropriately reviewed and authorized. \r\n\r\nInspect the approvals and underlying documents for one off transaction such as: signing bonuses, relocation pay, back pay, and previous corrections.\r\n\r\nInspect the documents for payment of payroll deductions to third parties (GOSI etc.)		Test of Controls	HR
26	Recalculate the payroll based on agreed allowances	Recalculate the allowances and taxes to ensure accuracy.\r\n\r\nInspect the payslips / personal files to ensure that:\r\na.\tSalary is paid to new employees (date of joining) once they join the Company \r\nb.\tSalary is not paid to outgoing employees once they serve the last working day (date of resignation and notice period)\r\nc.\tUpdated salary is paid after incorporating the effect of increments\r\nd.\tVerify the all adjustments have been made and incorporated in adjusted trial balance.\r\n\r\nCheck the attendance sheet to ensure that employees are only paid for hours worked.\r\n\r\nCheck that leaves have been properly incorporated and any deductions are made for unpaid leaves.\r\n\r\nInspect the approvals and supporting documents for payment of any claimable expenses.\r\n\r\nIn case of loan or advance salary obtained by the employee, check that deductions are made accordingly before disbursal of salary		Test of Controls	HR
27	Employees hired during the period	Obtain headcount request from the relevant department along with job description prepared, \r\n\r\nObtain employees' file on sample basis and review, whether \r\n\r\nInterview of candidate was conducted by HR and relevant department\r\n\r\nVerification of educational documents and previous salary was performed\r\n\r\nReference and background check was performed.\r\n\r\nCopies of offer letter, acceptance letter, employees eduction documents, experience certificates are kept in the employee file. \r\n\r\nAt the time of joining employee signed the employment letter and has been made part of the employee file. \r\n\r\nVerify the information in payroll system with that of agreed in the employment and offer lettter.		Test of Controls	HR
28	Employees left during the period	Obtain listing and personal files of employees left during the period and check that,\r\n\r\nAcceptance of resignation and last working day to ensure proper calculation of salary\r\n\r\nExit Interview was conducted and documented by HR\r\n\r\nAll belongings were handed over and acknowledgment from line manager is obtained and retained.\r\n\r\nAccess to the Company's information system is timely revoked.\r\n\r\nClearance / release letter is only issued once all liabilities are paid off by employee.\r\n\r\nPersonal files including health records are properly archived.\r\n\r\nTerminated employees are given proper opportunity to clear their position and exit formalities are completed for terminated employees also.		Test of Controls	HR
29	Training & Development	Obtain the annual training plan and details of training provided during the period under review to ensure that:\r\n\r\nIt is aligned with overall objectives of the Company\r\n\r\nTrainings are provided to employees.\r\n\r\nRegulatory requirements if any are met with reference to training of key management personnel.\r\n\r\nOn a sample basis:\r\nInspect the training materials to ensure that it covers and addresses the training needs of employees\r\n\r\nInspect the attendance record and certificate issuance to ensure that certificate is issued to staff attending the training.\r\n\r\nFor high worth trainings, obtain the list of employees immediately leaving the Company and check that expense of training is recovered.\r\n\r\nIdentify the gaps in learning and performance through assessment and inquire about the steps taken to improve the efficiency.\r\n\r\nInspect the contracts of external trainers and ensure that they are specialized in relevant field.\r\n\r\nExamine the learners’ feedback and steps taken to address the negative feedbacks.		Test of Controls	HR
30	Workforce Planning	Obtain annual human resource budget and check if all department's staff and headcount requirements were obtained and included in budget at the time of preparing annual budget.		Others	HR
31	Medical Insurance	Obtain understanding of the Company's healthcare benefit policy.\r\n\r\nObtain listing of people covered by the Company's insurance policy,\r\n\r\nMatch the benefits provided by the policy with those of the approved policy and procedures and ensure that all benefits provided to different level of staff is matching with the policy and procedure.		Others	HR
\.


--
-- Data for Name: base_department; Type: TABLE DATA; Schema: public; Owner: riskrepoadmin
--

COPY public.base_department (id, department_name) FROM stdin;
1	Investment Management
2	Business Development
3	Brokerage
4	Investment Banking
5	Operations
6	Finance / Treasury
7	Budgeting & Control
8	Legal
9	IT
10	Human Resource
11	Strategy
12	Risk
13	Compliance
14	Internal Audit
15	Administration
16	Business Development
17	Customer Care
18	Product Development
19	Credit Function
20	Sales
21	After Sales
22	Warehouse
23	Procurement
24	Production
25	Sales
26	Procurement
27	Development
28	Management/Maintenance
29	Investment Evaluation
30	HR
\.


--
-- Data for Name: base_item; Type: TABLE DATA; Schema: public; Owner: riskrepoadmin
--

COPY public.base_item (id, name, created) FROM stdin;
\.


--
-- Data for Name: base_riskrepo; Type: TABLE DATA; Schema: public; Owner: riskrepoadmin
--

COPY public.base_riskrepo (id, title, department_name, description) FROM stdin;
1	Policies and procedures not available / reviewed	Finance / Treasury	Non development/ updation of finance policies and procedures and their approval by competent authority resulting in lack of role clarity and operational and financial reporting risk to Alraedah.
2	Penalties and fines by regulators	Finance / Treasury	Penalties may be imposed due to non compliance of regulatory guidelines.
3	New Accounting standards are not assessed adequately.	Finance / Treasury	New accounting standards / interpretations / amendments may not be adequately assessed, reviewed and implemented  leading to misstatements in reporting.
4	Inappropriate mapping of GL codes	Finance / Treasury	New GL accounts may be opened and mapped without the requisite due diligence/approvals leading to incorrect tagging of GLs to financial statement line items.
5	Inaccurate financial information gathered from different systems	Finance / Treasury	Financial information from source systems may not be appropriately collected as per the defined procedures resulting in inaccurate or incomplete information being used for FS preparation.
6	Lack of periodic reporting	Finance / Treasury	Monthly performance reports may not be prepared or circulated leading to ineffective budget monitoring and non-achievement of financial targets.
7	Inappropriate allocation of expenses	Finance / Treasury	Administrative expenses of support functions may not be appropriately allocated to the business segment and reviewed leading to unrepresentative/incomplete financial numbers for performance appraisals.
8	Inappropriate and unrealistic budget	Finance / Treasury	Budgets may be prepared with unrealistic targets and using the  inappropriate assumptions resulting in non-productive budgeting exercise and failure to achieve organizational objectives and it may also resulting in the low morale of the bank staff.
9	Lack of comprehensive accounting system	Finance / Treasury	The Company uses tally accounting system, which is not a comprehensive accounting system and lacks integration with other systems used by other functions e.g. sales, HR. Therefore manual journal entries are posted to the system increasing risk of errors and wrong financial reporting.
10	Related party transactions are not reported	Finance / Treasury	Related party transaction may not be presented to the audit committee and to the Board and Audit Committee for review in the prescribed form leading to non-compliance.
11	Outdated list of related parties	Finance / Treasury	List of related parties may not be updated in a timely manner, resulting in non-disclosure of transactions with new related parties leading to regulatory, reputational and financial risk.
12	Lack of approved job descriptions	Finance / Treasury	Alraedah may not formally document the responsibilities and procedures in relation to day to day activities including reporting to SAMA resulting in lack of role clarity and regulatory risks.
13	Delay in regulatory reporting	Finance / Treasury	Non-submission of return within the prescribed timelines resulting in regulatory non-compliance which may lead to regulatory action against the bank.
14	Financial closing process	Finance / Treasury	Adjusting entries in financial statements may not be reviewed by the authorized personnel leading incorrect adjustment entries being made in the financial statements.
15	Lack of control over adjusting entries	Finance / Treasury	Discrepancies identified by external auditors in financial statements may not be adequately adjusted in FS leading to misstatements and reputational risk for the Bank.
16	Delay in sending audited / reviewed financial staetments to board and audit committee.	Finance / Treasury	Financial statements may not be presented for approval by the audit committee & BOD in a timely manner prior to publishing the FS resulting in key financial results not being vetted by the audit committee and BOD.
17	Error in printed financial statements	Finance / Treasury	Draft financial statements may not be reviewed by the appropriate personnel prior to final printing resulting in incorrect financial statements being printed and distributed to stakeholders.
18	Unclear accounting policies	Finance / Treasury	Accounting policies may not be stated will lead to non-compliance with regulatory instructions.\r\n\r\nAccounting policies are the specific principles, bases, conventions, rules and practices applied by an entity in preparing and presenting financial statements. \r\n\r\nAccounting policy changes can occur due to change in laws and regulations, amendments to existing standards or the introduction of a new standard. The effects of changes in accounting policy are applied retrospectively in the financial statements, unless specified in the relevant IFRS that the restatement of prior periods is not mandatory.
19	Inadequate or ineffective Departmental / Functional Strategy, Objectives and KPIs	Finance / Treasury	Lack of documented functional / departmental strategy may lead to inadequate and inconsistent departmental / functional objectives and goals resulting into dysfunctional strategic and operational misalignment.
20	Inconsistent or inefficient Departmental / Functional Financial & Operational Authority Matrix	Finance / Treasury	Absence of defined and approved authority matrix or Inadequate segregation of duties may lead to unauthorized transactions or potential for internal or external fraud resulting into reputational, financial and operational losses.
21	Disclosure of confidential information to unauthorized persons	Finance / Treasury	Lack of proper document management system may result in potential documents loss or delays in documents retrievals leading to inefficient documents storage process.
22	Delays and inefficiencies in processing Employees Payroll	Finance / Treasury	Lack of controls over payroll management may lead to inconsistencies or delay in payroll processing resulting into financial and operational repercussions.
23	Inadequate Liquidity or Asset & Liability Management	Finance / Treasury	Lack of properly planned liquidity / cash management may lead mismatch between assets and liabilities leading to operational losses and financial obligations.
24	Inadequate monitoring over non-arm length Related Party Transactions	Finance / Treasury	Lack of sufficiently trained staff or inadequate management oversight may lead to wrong treatment or accounting for related party transactions resulting into financial losses and regulatory non-compliance.
25	Inadequate Cash and Bank Account Management	Finance / Treasury	Lack of controls over cash or bank accounts e.g. lost of cash, theft, absence of bank reconciliations or inappropriate relationship with banks may lead to longstanding unreconciled items or disagreements with banks resulting into operational inefficiencies, financial losses and reputational repercussions.
54	Missing case hearing in courts for outstanding cases	Legal	Alraedah's legal staff and legal consultants may miss a hearing with court for outstanding legal cases which may result in unfavorable decision for the Company.
26	Inadequate Payment Process	Finance / Treasury	Lack of monitoring controls over payment process may lead to: \r\n- Delays in payment\r\n- Duplicate payments\r\n- Unauthorized payments\r\n- Payments done for services/products not received;\r\nwhich may result into operational issues and loss in internal stakeholder reputation and external stakeholder satisfaction.
27	Inaccurate or Inconsistent Revenue Process	Finance / Treasury	Inappropriate oversight over accounting standards may lead inaccurate revenue recognition resulting into overstatement or understatement of reported figures and non-compliances with IFRS.\r\nInaccurate or inconsistent collection process may lead incorrect recording of revenue leading to financial losses and inaccurate reporting.
28	Inadequate Account Receivable and Collection Management	Finance / Treasury	Absence of or inappropriate oversight over Collection and Trade Receivable / Credit risk i.e. exposure to actual loss or opportunity cost as a result of the default, may lead to increase in doubtful allowances or bad debts resulting into operational inefficiencies, liquidity crisis, and financial losses.
29	Incomplete fixed assets register	Finance / Treasury	Fixed assets register maintained by the Company may not incorporate all the assets acquired or the assets may not be available as mentioned in the register. The fixed asset register does not provide exact location, purchase date and unique identification number of the asset.
30	Regulatory rqeuirements pertaining to finance are not met on timely basis	Finance / Treasury	The Company is subject to ovesight by SAMA, ZATCA and several other governmental authorities. These regulatory bodies issue certain requirements, policy changes from time to time. Alraedah may not fulfill these requirements on timely basis.
31	End of service benefits are not prepared appropriately	Human Resource	Ineligible employees are provided with end of service benefits, thus overstating expense or Actual payments made do not equal the approved severance calculations, thus overstating expense
32	Employee bonuses is not calculated appropriately	Human Resource	The performance metrics used in the preparing bonus calculation is not accurate. incentive plans promotes material risk for the Company
33	Staff budget and forecast are not prepared accurately	Human Resource	Headcount forecasts are not compared to actual headcounts and Headcount forecasts are not linked to long-range planning for the overall business.
34	Suitable replacement is not hired in time	Human Resource	There is lack of business continuity upon termination or retirement of employees in key management or professional positions
35	Lack of human resource planning	Human Resource	Gaps in knowledge, skills and experience identified during succession management process are not addressed.
36	Request for new employee is not properly approved.	Human Resource	The proper levels of approval are not provided to submit an employee requisition
37	Inappropriate recording of incoming and outgoing employees in payroll system	Human Resource	Employee terminations are not timely recorded in HR and payroll systems, thus allowing for wrong payments
38	Lack of documented policies and procedures	Human Resource	The Company does not have approved policies and procedures to cover all major functions within HR e.g. recruitment, training, payroll and workforce planning
39	Appropriate training is not provided to staff	Human Resource	Employees do not have the proper knowledge and skills to perform their job tasks
40	Recruitment process is unauthorized and new hires are  not suitable personnel (full-time, part-time, seasonal).	Human Resource	Unqualified employees are hired by the organization that may be detrimental to the organization's objectives.  In addition, the process is not in accordance with the bank's polices and procedures.
41	Confidential personnel information is not adequately safeguarded.	Human Resource	Sensitive information may be abused by unauthorized users.
42	Employees are overpaid due to inflated hours that do not reflect the amount of hours entered into the Kronos system by the employee.	Human Resource	Inaccuracies in timekeeping sheets leads to incorrect hours being listed in attendance and provides inaccurate information to management for decision making.
43	Loan and advances are not approved resulting in misuse of the bank's funds.	Human Resource	Loans given to employees that include lower interest rates than the rates given to customers results in non-compliance with Reg O.
44	Accruals for benefits, pension, vacation and insurance, may be incorrectly calculated, resulting in misstated liabilities.	Human Resource	Financial loss to employees may lead to inaccurate payment structures which may lead to increased tax burdens and overstated liabilities.
45	Employees are not qualified for their current position	Human Resource	Individuals executing daily activates for positions they are not qualified for can bring the instability to key departments.
46	Benefits and compensation vary by employee/job designation/job level and do not follow a logical approach	Human Resource	Lack of comparable compensation for employees may lead an increased risk of the bank's inability to retain staff.
47	Outdated policies and procedures	Legal	Non-development/ updating of policies and procedures, relating to the activities of Legal Department
48	Non-review of legal contracts by the department	Legal	Agreements/Contracts may not be adequately vetted by the legal department, which may result in higher legal and operational risk for the Company.
49	Non-escalation of key matters to the Legal	Legal	Matters requiring legal approval are not timely escalated to relevant authority, which may lead to issuance of delayed approval on important legal matters.
50	Lack of clarity over key matters	Legal	Key matters are not clearly defined which requires senior management approval may result in handling of sensitive matters without adequate supervision and approval of senior management may expose the Company to higher legal and risk
51	Lack of guidance over appointment of external legal consultants	Legal	Guidelines for appointment of external legal counsel on Alraedah's panel of lawyers may not be documented, which may result in appointment of ineligible/ incompetent legal consultants.
52	Lack of documentation	Legal	Lack of adequate arrangements for the proper documentation and storage may lead to loss of key documents, mishandling of information or security documents being accessed by unauthorized person, and inordinate delay in the retrieval of those documents.
53	Lack of measures for monitoring performance of external legal consultants	Legal	Monitoring of legal services provided by the external legal counsel , development and revision of the fee schedule may not be effectively managed , which may result in higher operational and financial losses for the Bank.
55	Inadequate guidance for selling collateral real estate	Legal	Legal departmemt's policies and procedures are not detailed to guide and oversee the process of selling collateral assets.
56	Promissory notes are expired and not renewed	Legal	Promissory notes obtained in favor of Alraedah from borrowers are expired and not renewed before expiry.
57	Lack of regular and periodic reporting to senior management	Legal	There is no process to prepare and send periodic reports regarding legal cases and open requests from other departments.
58	Restricted Access	Compliance	No clear authority and restricted access to information and personnel given to compliance department leading to ineffective and weak functioning.
59	Reporting to Audit Committee and SAMA	Compliance	Compliance Officer fails to report to the board/sub-committee and SAMA regarding non-compliance incidents and fails to ensure timely implementation of regulatory enforcements resulting in weak governance and non-compliance of SAMA guidelines.
60	Maintenance of Tracker	Compliance	Not maintaining a Central log/ Advisory tracker may lead to the Company not being able to properly monitor the turnaround times/ statuses of all documents received for compliance reviews.
61	Tagging of Laws & Regulations	Compliance	Laws and regulations may not be tagged to an appropriate department leading to ineffective compliance risk management activities.
62	Changes in Laws & Regulations	Compliance	Applicable laws, rules and regulations may not be appropriately identified leading to lack of clarity on changes in regulatory/legal environment increasing risk of non-compliance.
63	Sharing of Inspection Reports	Compliance	No/Untimely sharing of the inspection reports with the relevant stakeholders within the Company and not performing sanity checks on the inspection reports may increase exposure to operational, financial and reputational losses.
64	Status of Resolved Issues	Compliance	Delay in obtaining the compliance status on resolved issues and Resolution Target Date (RTD) on unresolved observations along with delay in dissemination of regulatory violations to relevant functions for their review leading to delay in resolution of unresolved observations and submission of draft responses to SAMA which may increase exposure to operational losses.
65	Submission of Data during inspection to Regulator	Compliance	Not taking timely follow-ups related to non submission of data by concerned stakeholders and lack of escalation mechanism in place for overdue submission leading to delay in closure of observations along with closure evidence and submission of required data to regulators
66	Imposition of penalty	Compliance	Failing to provide timely information/ evidence/ record demanded by inspection team may result in SAMA's observation and penalty
67	Dealing with Onsite / Offsite Inspections	Compliance	Failing to provide timely information/ evidence/ record demanded by inspection team may result in SAMA's observation and penalty
68	Dealing with Onsite / Offsite Inspections	Compliance	The process for dealing with the onsite/ offsite examinations/ inspections by SAMA Supervisory/ Inspection Teams may not be adequately defined as a result of which there may be a risk of lack of clarity regarding the activities to be performed.
69	Review by Compliance Department	Compliance	Critical areas may not be included for reviews in Compliance's plans leading to critical areas not being timely reviewed.
70	Review by Compliance Department	Compliance	Inadequate fieldwork may be performed by the reviewers which may lead to non-identification of gaps.
71	Review by Compliance Department - Identified Deficiancies	Compliance	Lack of prompt follow up on identified deficiencies and its remediation resulting in non resolution of deficiencies.
72	Vetting of Letters	Compliance	The Compliance team might not be able to promote uniformity in relation to regulatory advisory and vetting of draft letters and regulatory submissions resulting in operational losses.
73	Training Program	Compliance	Compliance department might not arrange the need based training programs as a result of which the staff may lack required awareness regarding the compliance related activities.
74	Review by Compliance Department - Involvement of Experts	Compliance	Lack of experts in important fields for advising and reviewing Compliance function resulting in weak implementation of compliance risk processes across different business functions/ departments.
75	Compliance Risk Assessment	Compliance	Compliance risk assessment may not be conducted which may lead to failure in mitigation of high risk areas and increased operational and compliance risks for the Company.
76	KRI Reporting	Compliance	KRIs may be not appropriately designed which may lead to non-identification of early warning signals and increase operational risk for the Company.
77	Submission of Regulatory Returns	Compliance	No/ Late submission of regulatory returns and lack of mechanism for making follow ups on regulatory correspondence resulting in regulatory non-compliance.
78	AML Governance	Compliance	Policy and procedures related to AML, CFT, CPF, KYC & sanctions screening may not be developed and approved in accordance with the SAMA's requirement, resulting in lack of role clarity and lack of accountability in case of operational issues.
79	Reporting of Unusual Activity Report (UAR)	Compliance	Information related to UAR are not reported to the BoD and SAMA which may result in inquiry against the Company and penal action can be started against the Company.
80	United Nations Security Council Resolutions	Compliance	The Company might be in non compliance with United Nations Security Council Resolutions which may lead to regulatory, financial and operational loss.
81	Due Dilligence of the Customer	Compliance	During onboarding/ reviewing of relationships, country/location risk profile may not be assessed properly and incorrect due dilligence might be performed resulting in higher AML & CTF risk for the Company.
82	Cash Payments	Compliance	The Company may process cash payments to its customers leading to increased risk of AML and CTF which may lead to non compliance.
83	Outsourcing / Third Party	Compliance	The Company may involve third party or outsource its work without assesing the risk of AML and CTF which may lead to non compliance.
84	Rejected Cases	Compliance	The Company may not monitor the borrowers or keep record of those borrowers whose cases were rejected due to AML and CTF breaches which may lead to non compliance with regulatory requirements.
\.


--
-- Data for Name: django_admin_log; Type: TABLE DATA; Schema: public; Owner: riskrepoadmin
--

COPY public.django_admin_log (id, action_time, object_id, object_repr, action_flag, change_message, content_type_id, user_id) FROM stdin;
1	2023-07-07 05:29:25.13168+00	1	Investment Management	1	[{"added": {}}]	10	1
2	2023-07-07 05:29:40.780874+00	2	Business Development	1	[{"added": {}}]	10	1
3	2023-07-07 05:29:54.737187+00	3	Brokerage	1	[{"added": {}}]	10	1
4	2023-07-07 05:30:09.545668+00	4	Investment Banking	1	[{"added": {}}]	10	1
5	2023-07-07 05:30:24.084795+00	5	Operations	1	[{"added": {}}]	10	1
6	2023-07-07 05:30:38.96936+00	6	Finance / Treasury	1	[{"added": {}}]	10	1
7	2023-07-07 05:30:52.640037+00	7	Budgeting & Control	1	[{"added": {}}]	10	1
8	2023-07-07 05:31:03.83824+00	8	Legal	1	[{"added": {}}]	10	1
9	2023-07-07 05:31:14.558507+00	9	IT	1	[{"added": {}}]	10	1
10	2023-07-07 05:31:28.64863+00	10	Human Resource	1	[{"added": {}}]	10	1
11	2023-07-07 05:31:40.226572+00	11	Strategy	1	[{"added": {}}]	10	1
12	2023-07-07 05:31:51.019545+00	12	Risk	1	[{"added": {}}]	10	1
13	2023-07-07 05:32:02.142564+00	13	Compliance	1	[{"added": {}}]	10	1
14	2023-07-07 05:32:14.846791+00	14	Internal Audit	1	[{"added": {}}]	10	1
15	2023-07-07 05:32:26.871742+00	15	Administration	1	[{"added": {}}]	10	1
16	2023-07-07 05:32:41.35232+00	16	Business Development	1	[{"added": {}}]	10	1
17	2023-07-07 05:32:53.0235+00	17	Customer Care	1	[{"added": {}}]	10	1
18	2023-07-07 05:33:08.591875+00	18	Product Development	1	[{"added": {}}]	10	1
19	2023-07-07 05:33:25.947538+00	19	Credit Function	1	[{"added": {}}]	10	1
20	2023-07-07 05:34:05.190847+00	20	Sales	1	[{"added": {}}]	10	1
21	2023-07-07 05:34:23.651572+00	21	After Sales	1	[{"added": {}}]	10	1
22	2023-07-07 05:34:37.301978+00	22	Warehouse	1	[{"added": {}}]	10	1
23	2023-07-07 05:34:49.319809+00	23	Procurement	1	[{"added": {}}]	10	1
24	2023-07-07 05:35:04.456181+00	24	Production	1	[{"added": {}}]	10	1
25	2023-07-07 05:35:16.757728+00	25	Sales	1	[{"added": {}}]	10	1
26	2023-07-07 05:35:28.111812+00	1	Policies and procedures not available / reviewed	1	[{"added": {}}]	9	1
27	2023-07-07 05:35:32.010467+00	26	Procurement	1	[{"added": {}}]	10	1
28	2023-07-07 05:35:44.32334+00	27	Development	1	[{"added": {}}]	10	1
29	2023-07-07 05:35:53.81795+00	2	Penalties and fines by regulators	1	[{"added": {}}]	9	1
30	2023-07-07 05:35:58.928403+00	28	Management/Maintenance	1	[{"added": {}}]	10	1
31	2023-07-07 05:36:25.065451+00	29	Investment Evaluation	1	[{"added": {}}]	10	1
32	2023-07-07 05:36:36.909143+00	3	New Accounting standards are not assessed adequately.	1	[{"added": {}}]	9	1
33	2023-07-07 05:37:00.811275+00	4	Inappropriate mapping of GL codes	1	[{"added": {}}]	9	1
34	2023-07-07 05:37:26.073856+00	5	Inaccurate financial information gathered from different systems	1	[{"added": {}}]	9	1
35	2023-07-07 05:38:49.456924+00	6	Lack of periodic reporting	1	[{"added": {}}]	9	1
36	2023-07-07 05:39:02.69363+00	1	Review the Company's training program	1	[{"added": {}}]	8	1
37	2023-07-07 05:39:19.324439+00	7	Inappropriate allocation of expenses	1	[{"added": {}}]	9	1
38	2023-07-07 05:39:40.38966+00	8	Inappropriate and unrealistic budget	1	[{"added": {}}]	9	1
39	2023-07-07 05:40:02.284338+00	9	Lack of comprehensive accounting system	1	[{"added": {}}]	9	1
40	2023-07-07 05:40:04.242431+00	2	Review the Company's compliance risk assessment program	1	[{"added": {}}]	8	1
41	2023-07-07 05:40:24.044791+00	10	Related party transactions are not reported	1	[{"added": {}}]	9	1
42	2023-07-07 05:40:34.004485+00	3	Review the Company's compliance risk assessment program	1	[{"added": {}}]	8	1
43	2023-07-07 05:40:50.06314+00	11	Outdated list of related parties	1	[{"added": {}}]	9	1
44	2023-07-07 05:40:58.651096+00	3	Review the Company's compliance risk assessment program	3		8	1
45	2023-07-07 05:41:11.884471+00	12	Lack of approved job descriptions	1	[{"added": {}}]	9	1
46	2023-07-07 05:41:31.221443+00	13	Delay in regulatory reporting	1	[{"added": {}}]	9	1
47	2023-07-07 05:41:34.185893+00	4	Service Level Agreements for outsourced services	1	[{"added": {}}]	8	1
48	2023-07-07 05:41:56.246051+00	14	Financial closing process	1	[{"added": {}}]	9	1
49	2023-07-07 05:42:08.674676+00	5	Review of compliance monitoring program	1	[{"added": {}}]	8	1
50	2023-07-07 05:42:14.401275+00	15	Lack of control over adjusting entries	1	[{"added": {}}]	9	1
51	2023-07-07 05:42:32.458054+00	16	Delay in sending audited / reviewed financial staetments to board and audit committee.	1	[{"added": {}}]	9	1
52	2023-07-07 05:42:47.858056+00	6	Review of Company's retention policy and its implementation	1	[{"added": {}}]	8	1
53	2023-07-07 05:42:49.400365+00	17	Error in printed financial statements	1	[{"added": {}}]	9	1
54	2023-07-07 05:43:08.832574+00	18	Unclear accounting policies	1	[{"added": {}}]	9	1
55	2023-07-07 05:43:11.876455+00	7	Review the Company's practices to follow up and review regulatory fines and penalties	1	[{"added": {}}]	8	1
56	2023-07-07 05:43:31.658754+00	19	Inadequate or ineffective Departmental / Functional Strategy, Objectives and KPIs	1	[{"added": {}}]	9	1
57	2023-07-07 05:43:44.91411+00	8	Obtain & Review Organisation Structure	1	[{"added": {}}]	8	1
58	2023-07-07 05:43:54.362604+00	20	Inconsistent or inefficient Departmental / Functional Financial & Operational Authority Matrix	1	[{"added": {}}]	9	1
59	2023-07-07 05:43:55.264974+00	7	Review the Company's practices to follow up and review regulatory fines and penalties	2	[{"changed": {"fields": ["Department name"]}}]	8	1
60	2023-07-07 05:44:03.488101+00	6	Review of Company's retention policy and its implementation	2	[{"changed": {"fields": ["Department name"]}}]	8	1
61	2023-07-07 05:44:30.683685+00	21	Disclosure of confidential information to unauthorized persons	1	[{"added": {}}]	9	1
62	2023-07-07 05:44:48.617045+00	9	Obtain Compliance Policies & Procedures	1	[{"added": {}}]	8	1
63	2023-07-07 05:44:50.417621+00	22	Delays and inefficiencies in processing Employees Payroll	1	[{"added": {}}]	9	1
64	2023-07-07 05:45:09.560029+00	23	Inadequate Liquidity or Asset & Liability Management	1	[{"added": {}}]	9	1
65	2023-07-07 05:45:17.577931+00	10	Establishment of Compliance Committee	1	[{"added": {}}]	8	1
66	2023-07-07 05:45:26.004549+00	24	Inadequate monitoring over non-arm length Related Party Transactions	1	[{"added": {}}]	9	1
67	2023-07-07 05:45:47.248168+00	25	Inadequate Cash and Bank Account Management	1	[{"added": {}}]	9	1
68	2023-07-07 05:45:47.689327+00	11	Liaison with other departments	1	[{"added": {}}]	8	1
69	2023-07-07 05:46:03.118314+00	26	Inadequate Payment Process	1	[{"added": {}}]	9	1
70	2023-07-07 05:46:17.991601+00	12	Establishment of Audit Committee	1	[{"added": {}}]	8	1
71	2023-07-07 05:46:22.301636+00	27	Inaccurate or Inconsistent Revenue Process	1	[{"added": {}}]	9	1
72	2023-07-07 05:46:37.851035+00	28	Inadequate Account Receivable and Collection Management	1	[{"added": {}}]	9	1
137	2023-07-07 06:00:34.541829+00	73	Training Program	1	[{"added": {}}]	9	1
73	2023-07-07 05:46:45.885554+00	13	Appointment of Anti Money Laundering Reporting Officer	1	[{"added": {}}]	8	1
74	2023-07-07 05:46:58.500731+00	29	Incomplete fixed assets register	1	[{"added": {}}]	9	1
75	2023-07-07 05:47:17.047258+00	30	Regulatory rqeuirements pertaining to finance are not met on timely basis	1	[{"added": {}}]	9	1
76	2023-07-07 05:47:43.721634+00	14	Obtain organsiation structure & departmental policies and procedures.	1	[{"added": {}}]	8	1
77	2023-07-07 05:47:56.577175+00	31	End of service benefits are not prepared appropriately	1	[{"added": {}}]	9	1
78	2023-07-07 05:48:15.177967+00	15	Obtain copies of quarterly and annual financial statements along with mapped trial balance	1	[{"added": {}}]	8	1
79	2023-07-07 05:48:24.707942+00	32	Employee bonuses is not calculated appropriately	1	[{"added": {}}]	9	1
80	2023-07-07 05:48:44.887486+00	33	Staff budget and forecast are not prepared accurately	1	[{"added": {}}]	9	1
81	2023-07-07 05:48:56.283709+00	16	Obtain zakat and tax return	1	[{"added": {}}]	8	1
82	2023-07-07 05:49:02.175214+00	34	Suitable replacement is not hired in time	1	[{"added": {}}]	9	1
83	2023-07-07 05:49:19.723185+00	35	Lack of human resource planning	1	[{"added": {}}]	9	1
84	2023-07-07 05:49:26.091884+00	17	Obtain provisioning policy and working for the quarter	1	[{"added": {}}]	8	1
85	2023-07-07 05:49:34.58639+00	36	Request for new employee is not properly approved.	1	[{"added": {}}]	9	1
86	2023-07-07 05:49:53.006116+00	37	Inappropriate recording of incoming and outgoing employees in payroll system	1	[{"added": {}}]	9	1
87	2023-07-07 05:50:00.977563+00	18	Obtain fixed assets register and supporting schedules for fixed asset verification	1	[{"added": {}}]	8	1
88	2023-07-07 05:50:12.179192+00	38	Lack of documented policies and procedures	1	[{"added": {}}]	9	1
89	2023-07-07 05:50:25.920402+00	39	Appropriate training is not provided to staff	1	[{"added": {}}]	9	1
90	2023-07-07 05:50:30.600438+00	19	Obtain annual approved budget and variance analysis report	1	[{"added": {}}]	8	1
91	2023-07-07 05:50:46.473954+00	40	Recruitment process is unauthorized and new hires are  not suitable personnel (full-time, part-time, seasonal).	1	[{"added": {}}]	9	1
92	2023-07-07 05:51:02.361875+00	41	Confidential personnel information is not adequately safeguarded.	1	[{"added": {}}]	9	1
93	2023-07-07 05:51:03.62076+00	20	Obtain and review selected bank reconicliations on sample basis.	1	[{"added": {}}]	8	1
94	2023-07-07 05:51:17.614244+00	42	Employees are overpaid due to inflated hours that do not reflect the amount of hours entered into the Kronos system by the employee.	1	[{"added": {}}]	9	1
95	2023-07-07 05:51:34.851462+00	43	Loan and advances are not approved resulting in misuse of the bank's funds.	1	[{"added": {}}]	9	1
96	2023-07-07 05:51:37.157695+00	21	Obtain listing of past due receivables.	1	[{"added": {}}]	8	1
97	2023-07-07 05:51:51.021563+00	44	Accruals for benefits, pension, vacation and insurance, may be incorrectly calculated, resulting in misstated liabilities.	1	[{"added": {}}]	9	1
98	2023-07-07 05:52:05.852351+00	22	Obtain schedule of prepayments and accrued expenses reflected in the financial statements.	1	[{"added": {}}]	8	1
99	2023-07-07 05:52:07.798354+00	45	Employees are not qualified for their current position	1	[{"added": {}}]	9	1
100	2023-07-07 05:52:24.353437+00	46	Benefits and compensation vary by employee/job designation/job level and do not follow a logical approach	1	[{"added": {}}]	9	1
101	2023-07-07 05:52:35.962382+00	23	Obtain listing of bank accounts	1	[{"added": {}}]	8	1
102	2023-07-07 05:52:49.113236+00	47	Outdated policies and procedures	1	[{"added": {}}]	9	1
103	2023-07-07 05:53:03.675535+00	24	Obtain listing and supporting documents of financing facilities	1	[{"added": {}}]	8	1
104	2023-07-07 05:53:11.284567+00	48	Non-review of legal contracts by the department	1	[{"added": {}}]	9	1
105	2023-07-07 05:53:25.9511+00	49	Non-escalation of key matters to the Legal	1	[{"added": {}}]	9	1
106	2023-07-07 05:53:38.888918+00	30	HR	1	[{"added": {}}]	10	1
107	2023-07-07 05:53:41.437224+00	50	Lack of clarity over key matters	1	[{"added": {}}]	9	1
108	2023-07-07 05:53:56.128002+00	51	Lack of guidance over appointment of external legal consultants	1	[{"added": {}}]	9	1
109	2023-07-07 05:54:13.767148+00	52	Lack of documentation	1	[{"added": {}}]	9	1
110	2023-07-07 05:54:14.782485+00	25	Obtain monthly payroll on sample basis and assess if it is prepared in accordance with policy and procedures.	1	[{"added": {}}]	8	1
111	2023-07-07 05:54:30.170097+00	53	Lack of measures for monitoring performance of external legal consultants	1	[{"added": {}}]	9	1
112	2023-07-07 05:54:46.272225+00	26	Recalculate the payroll based on agreed allowances	1	[{"added": {}}]	8	1
113	2023-07-07 05:54:47.434544+00	54	Missing case hearing in courts for outstanding cases	1	[{"added": {}}]	9	1
114	2023-07-07 05:55:02.179163+00	55	Inadequate guidance for selling collateral real estate	1	[{"added": {}}]	9	1
115	2023-07-07 05:55:15.70079+00	27	Employees hired during the period	1	[{"added": {}}]	8	1
116	2023-07-07 05:55:19.578866+00	56	Promissory notes are expired and not renewed	1	[{"added": {}}]	9	1
117	2023-07-07 05:55:35.526018+00	57	Lack of regular and periodic reporting to senior management	1	[{"added": {}}]	9	1
118	2023-07-07 05:55:49.189706+00	28	Employees left during the period	1	[{"added": {}}]	8	1
119	2023-07-07 05:56:01.666435+00	58	Restricted Access	1	[{"added": {}}]	9	1
120	2023-07-07 05:56:15.458598+00	29	Training & Development	1	[{"added": {}}]	8	1
121	2023-07-07 05:56:17.023669+00	59	Reporting to Audit Committee and SAMA	1	[{"added": {}}]	9	1
122	2023-07-07 05:56:34.547885+00	60	Maintenance of Tracker	1	[{"added": {}}]	9	1
123	2023-07-07 05:56:48.13317+00	30	Workforce Planning	1	[{"added": {}}]	8	1
124	2023-07-07 05:56:56.646047+00	61	Tagging of Laws & Regulations	1	[{"added": {}}]	9	1
125	2023-07-07 05:57:11.835403+00	62	Changes in Laws & Regulations	1	[{"added": {}}]	9	1
126	2023-07-07 05:57:17.460972+00	31	Medical Insurance	1	[{"added": {}}]	8	1
127	2023-07-07 05:57:27.67119+00	63	Sharing of Inspection Reports	1	[{"added": {}}]	9	1
128	2023-07-07 05:57:47.166349+00	64	Status of Resolved Issues	1	[{"added": {}}]	9	1
129	2023-07-07 05:58:01.75921+00	65	Submission of Data during inspection to Regulator	1	[{"added": {}}]	9	1
130	2023-07-07 05:58:22.347124+00	66	Imposition of penalty	1	[{"added": {}}]	9	1
131	2023-07-07 05:58:37.409428+00	67	Dealing with Onsite / Offsite Inspections	1	[{"added": {}}]	9	1
132	2023-07-07 05:58:57.641565+00	68	Dealing with Onsite / Offsite Inspections	1	[{"added": {}}]	9	1
133	2023-07-07 05:59:15.586998+00	69	Review by Compliance Department	1	[{"added": {}}]	9	1
134	2023-07-07 05:59:34.459721+00	70	Review by Compliance Department	1	[{"added": {}}]	9	1
135	2023-07-07 05:59:55.831514+00	71	Review by Compliance Department - Identified Deficiancies	1	[{"added": {}}]	9	1
136	2023-07-07 06:00:19.196537+00	72	Vetting of Letters	1	[{"added": {}}]	9	1
138	2023-07-07 06:00:52.432571+00	74	Review by Compliance Department - Involvement of Experts	1	[{"added": {}}]	9	1
139	2023-07-07 06:01:10.216092+00	75	Compliance Risk Assessment	1	[{"added": {}}]	9	1
140	2023-07-07 06:01:25.621808+00	76	KRI Reporting	1	[{"added": {}}]	9	1
141	2023-07-07 06:01:41.78725+00	77	Submission of Regulatory Returns	1	[{"added": {}}]	9	1
142	2023-07-07 06:01:58.075901+00	78	AML Governance	1	[{"added": {}}]	9	1
143	2023-07-07 06:02:12.046119+00	79	Reporting of Unusual Activity Report (UAR)	1	[{"added": {}}]	9	1
144	2023-07-07 06:02:38.099925+00	80	United Nations Security Council Resolutions	1	[{"added": {}}]	9	1
145	2023-07-07 06:03:04.75698+00	81	Due Dilligence of the Customer	1	[{"added": {}}]	9	1
146	2023-07-07 06:03:21.16919+00	82	Cash Payments	1	[{"added": {}}]	9	1
147	2023-07-07 06:03:37.429086+00	83	Outsourcing / Third Party	1	[{"added": {}}]	9	1
148	2023-07-07 06:03:53.018405+00	84	Rejected Cases	1	[{"added": {}}]	9	1
\.


--
-- Data for Name: django_content_type; Type: TABLE DATA; Schema: public; Owner: riskrepoadmin
--

COPY public.django_content_type (id, app_label, model) FROM stdin;
1	admin	logentry
2	auth	permission
3	auth	group
4	auth	user
5	contenttypes	contenttype
6	sessions	session
7	base	item
8	base	auditprogramrepo
9	base	riskrepo
10	base	department
\.


--
-- Data for Name: django_migrations; Type: TABLE DATA; Schema: public; Owner: riskrepoadmin
--

COPY public.django_migrations (id, app, name, applied) FROM stdin;
1	contenttypes	0001_initial	2023-07-07 03:42:03.033257+00
2	auth	0001_initial	2023-07-07 03:42:04.053171+00
3	admin	0001_initial	2023-07-07 03:42:04.256857+00
4	admin	0002_logentry_remove_auto_add	2023-07-07 03:42:04.354538+00
5	admin	0003_logentry_add_action_flag_choices	2023-07-07 03:42:04.436727+00
6	contenttypes	0002_remove_content_type_name	2023-07-07 03:42:04.59758+00
7	auth	0002_alter_permission_name_max_length	2023-07-07 03:42:04.874816+00
8	auth	0003_alter_user_email_max_length	2023-07-07 03:42:04.996283+00
9	auth	0004_alter_user_username_opts	2023-07-07 03:42:05.198721+00
10	auth	0005_alter_user_last_login_null	2023-07-07 03:42:05.318018+00
11	auth	0006_require_contenttypes_0002	2023-07-07 03:42:05.336993+00
12	auth	0007_alter_validators_add_error_messages	2023-07-07 03:42:05.419058+00
13	auth	0008_alter_user_username_max_length	2023-07-07 03:42:05.558127+00
14	auth	0009_alter_user_last_name_max_length	2023-07-07 03:42:05.637624+00
15	auth	0010_alter_group_name_max_length	2023-07-07 03:42:05.758016+00
16	auth	0011_update_proxy_permissions	2023-07-07 03:42:05.93706+00
17	auth	0012_alter_user_first_name_max_length	2023-07-07 03:42:06.13775+00
18	auth	0013_group_key	2023-07-07 03:42:06.338877+00
19	auth	0014_user_department_user_usertype	2023-07-07 03:42:06.500641+00
20	auth	0015_remove_group_key_remove_user_department_and_more	2023-07-07 03:42:06.721511+00
21	auth	0016_group_key_user_department_user_password_reset_token_and_more	2023-07-07 03:42:07.178937+00
22	auth	0017_remove_group_key_remove_user_department_and_more	2023-07-07 03:42:07.598617+00
23	auth	0018_group_key_user_department_user_password_reset_token_and_more	2023-07-07 03:42:07.936753+00
24	auth	0019_remove_group_key_remove_user_department_and_more	2023-07-07 03:42:08.199915+00
25	base	0001_initial	2023-07-07 03:42:08.457803+00
26	base	0002_auditprogramrepo_riskrepo	2023-07-07 03:42:08.717426+00
27	base	0003_rename_department_id_riskrepo_department_name	2023-07-07 03:42:08.758653+00
28	base	0004_alter_riskrepo_department_name	2023-07-07 03:42:08.839728+00
29	base	0005_alter_auditprogramrepo_title_alter_riskrepo_title	2023-07-07 03:42:09.059483+00
30	base	0006_department	2023-07-07 03:42:09.120989+00
31	base	0007_alter_auditprogramrepo_title_and_more	2023-07-07 03:42:09.238231+00
32	base	0008_auditprogramrepo_department_name_and_more	2023-07-07 03:42:09.31993+00
33	base	0009_alter_auditprogramrepo_department_name	2023-07-07 03:42:09.581355+00
34	base	0010_alter_auditprogramrepo_department_name	2023-07-07 03:42:09.8824+00
35	sessions	0001_initial	2023-07-07 03:42:10.040719+00
\.


--
-- Data for Name: django_session; Type: TABLE DATA; Schema: public; Owner: riskrepoadmin
--

COPY public.django_session (session_key, session_data, expire_date) FROM stdin;
y2hkleq3l74ohu59ydurz5oo9as54d7l	.eJxVjDsOwjAQRO_iGln2xj8o6XMGa-1dcAA5UpxUiLvjSCmgmWLem3mLiNta4tZ4iROJi9Di9NslzE-uO6AH1vss81zXZUpyV-RBmxxn4tf1cP8OCrbS11YPGZwnzhrAKAU2ec3OYiIDns3NDC4rFXraANx5sIoR6TwAaiDx-QK7dTbu:1qHcNz:YPZW5KcxyMujBuRgiBttkAvrNtuQiQAza02ekkDZsAQ	2023-07-21 03:43:59.877404+00
7h4dyhsyzqbozq0ftva5ms4kcbpe1ngr	.eJxVjDsOwjAQRO_iGln2xj8o6XMGa-1dcAA5UpxUiLvjSCmgmWLem3mLiNta4tZ4iROJi9Di9NslzE-uO6AH1vss81zXZUpyV-RBmxxn4tf1cP8OCrbS11YPGZwnzhrAKAU2ec3OYiIDns3NDC4rFXraANx5sIoR6TwAaiDx-QK7dTbu:1qHe6e:i68mQLL65BsAJXcKApwVwepzPB0DM0HvFGupBwTKYZk	2023-07-21 05:34:12.077329+00
\.


--
-- Name: auth_group_id_seq; Type: SEQUENCE SET; Schema: public; Owner: riskrepoadmin
--

SELECT pg_catalog.setval('public.auth_group_id_seq', 1, false);


--
-- Name: auth_group_permissions_id_seq; Type: SEQUENCE SET; Schema: public; Owner: riskrepoadmin
--

SELECT pg_catalog.setval('public.auth_group_permissions_id_seq', 1, false);


--
-- Name: auth_permission_id_seq; Type: SEQUENCE SET; Schema: public; Owner: riskrepoadmin
--

SELECT pg_catalog.setval('public.auth_permission_id_seq', 40, true);


--
-- Name: auth_user_groups_id_seq; Type: SEQUENCE SET; Schema: public; Owner: riskrepoadmin
--

SELECT pg_catalog.setval('public.auth_user_groups_id_seq', 1, false);


--
-- Name: auth_user_id_seq; Type: SEQUENCE SET; Schema: public; Owner: riskrepoadmin
--

SELECT pg_catalog.setval('public.auth_user_id_seq', 1, true);


--
-- Name: auth_user_user_permissions_id_seq; Type: SEQUENCE SET; Schema: public; Owner: riskrepoadmin
--

SELECT pg_catalog.setval('public.auth_user_user_permissions_id_seq', 1, false);


--
-- Name: base_auditprogramrepo_id_seq; Type: SEQUENCE SET; Schema: public; Owner: riskrepoadmin
--

SELECT pg_catalog.setval('public.base_auditprogramrepo_id_seq', 31, true);


--
-- Name: base_department_id_seq; Type: SEQUENCE SET; Schema: public; Owner: riskrepoadmin
--

SELECT pg_catalog.setval('public.base_department_id_seq', 30, true);


--
-- Name: base_item_id_seq; Type: SEQUENCE SET; Schema: public; Owner: riskrepoadmin
--

SELECT pg_catalog.setval('public.base_item_id_seq', 1, false);


--
-- Name: base_riskrepo_id_seq; Type: SEQUENCE SET; Schema: public; Owner: riskrepoadmin
--

SELECT pg_catalog.setval('public.base_riskrepo_id_seq', 84, true);


--
-- Name: django_admin_log_id_seq; Type: SEQUENCE SET; Schema: public; Owner: riskrepoadmin
--

SELECT pg_catalog.setval('public.django_admin_log_id_seq', 148, true);


--
-- Name: django_content_type_id_seq; Type: SEQUENCE SET; Schema: public; Owner: riskrepoadmin
--

SELECT pg_catalog.setval('public.django_content_type_id_seq', 10, true);


--
-- Name: django_migrations_id_seq; Type: SEQUENCE SET; Schema: public; Owner: riskrepoadmin
--

SELECT pg_catalog.setval('public.django_migrations_id_seq', 35, true);


--
-- Name: auth_group auth_group_name_key; Type: CONSTRAINT; Schema: public; Owner: riskrepoadmin
--

ALTER TABLE ONLY public.auth_group
    ADD CONSTRAINT auth_group_name_key UNIQUE (name);


--
-- Name: auth_group_permissions auth_group_permissions_group_id_permission_id_0cd325b0_uniq; Type: CONSTRAINT; Schema: public; Owner: riskrepoadmin
--

ALTER TABLE ONLY public.auth_group_permissions
    ADD CONSTRAINT auth_group_permissions_group_id_permission_id_0cd325b0_uniq UNIQUE (group_id, permission_id);


--
-- Name: auth_group_permissions auth_group_permissions_pkey; Type: CONSTRAINT; Schema: public; Owner: riskrepoadmin
--

ALTER TABLE ONLY public.auth_group_permissions
    ADD CONSTRAINT auth_group_permissions_pkey PRIMARY KEY (id);


--
-- Name: auth_group auth_group_pkey; Type: CONSTRAINT; Schema: public; Owner: riskrepoadmin
--

ALTER TABLE ONLY public.auth_group
    ADD CONSTRAINT auth_group_pkey PRIMARY KEY (id);


--
-- Name: auth_permission auth_permission_content_type_id_codename_01ab375a_uniq; Type: CONSTRAINT; Schema: public; Owner: riskrepoadmin
--

ALTER TABLE ONLY public.auth_permission
    ADD CONSTRAINT auth_permission_content_type_id_codename_01ab375a_uniq UNIQUE (content_type_id, codename);


--
-- Name: auth_permission auth_permission_pkey; Type: CONSTRAINT; Schema: public; Owner: riskrepoadmin
--

ALTER TABLE ONLY public.auth_permission
    ADD CONSTRAINT auth_permission_pkey PRIMARY KEY (id);


--
-- Name: auth_user_groups auth_user_groups_pkey; Type: CONSTRAINT; Schema: public; Owner: riskrepoadmin
--

ALTER TABLE ONLY public.auth_user_groups
    ADD CONSTRAINT auth_user_groups_pkey PRIMARY KEY (id);


--
-- Name: auth_user_groups auth_user_groups_user_id_group_id_94350c0c_uniq; Type: CONSTRAINT; Schema: public; Owner: riskrepoadmin
--

ALTER TABLE ONLY public.auth_user_groups
    ADD CONSTRAINT auth_user_groups_user_id_group_id_94350c0c_uniq UNIQUE (user_id, group_id);


--
-- Name: auth_user auth_user_pkey; Type: CONSTRAINT; Schema: public; Owner: riskrepoadmin
--

ALTER TABLE ONLY public.auth_user
    ADD CONSTRAINT auth_user_pkey PRIMARY KEY (id);


--
-- Name: auth_user_user_permissions auth_user_user_permissions_pkey; Type: CONSTRAINT; Schema: public; Owner: riskrepoadmin
--

ALTER TABLE ONLY public.auth_user_user_permissions
    ADD CONSTRAINT auth_user_user_permissions_pkey PRIMARY KEY (id);


--
-- Name: auth_user_user_permissions auth_user_user_permissions_user_id_permission_id_14a6b632_uniq; Type: CONSTRAINT; Schema: public; Owner: riskrepoadmin
--

ALTER TABLE ONLY public.auth_user_user_permissions
    ADD CONSTRAINT auth_user_user_permissions_user_id_permission_id_14a6b632_uniq UNIQUE (user_id, permission_id);


--
-- Name: auth_user auth_user_username_key; Type: CONSTRAINT; Schema: public; Owner: riskrepoadmin
--

ALTER TABLE ONLY public.auth_user
    ADD CONSTRAINT auth_user_username_key UNIQUE (username);


--
-- Name: base_auditprogramrepo base_auditprogramrepo_pkey; Type: CONSTRAINT; Schema: public; Owner: riskrepoadmin
--

ALTER TABLE ONLY public.base_auditprogramrepo
    ADD CONSTRAINT base_auditprogramrepo_pkey PRIMARY KEY (id);


--
-- Name: base_department base_department_pkey; Type: CONSTRAINT; Schema: public; Owner: riskrepoadmin
--

ALTER TABLE ONLY public.base_department
    ADD CONSTRAINT base_department_pkey PRIMARY KEY (id);


--
-- Name: base_item base_item_pkey; Type: CONSTRAINT; Schema: public; Owner: riskrepoadmin
--

ALTER TABLE ONLY public.base_item
    ADD CONSTRAINT base_item_pkey PRIMARY KEY (id);


--
-- Name: base_riskrepo base_riskrepo_pkey; Type: CONSTRAINT; Schema: public; Owner: riskrepoadmin
--

ALTER TABLE ONLY public.base_riskrepo
    ADD CONSTRAINT base_riskrepo_pkey PRIMARY KEY (id);


--
-- Name: django_admin_log django_admin_log_pkey; Type: CONSTRAINT; Schema: public; Owner: riskrepoadmin
--

ALTER TABLE ONLY public.django_admin_log
    ADD CONSTRAINT django_admin_log_pkey PRIMARY KEY (id);


--
-- Name: django_content_type django_content_type_app_label_model_76bd3d3b_uniq; Type: CONSTRAINT; Schema: public; Owner: riskrepoadmin
--

ALTER TABLE ONLY public.django_content_type
    ADD CONSTRAINT django_content_type_app_label_model_76bd3d3b_uniq UNIQUE (app_label, model);


--
-- Name: django_content_type django_content_type_pkey; Type: CONSTRAINT; Schema: public; Owner: riskrepoadmin
--

ALTER TABLE ONLY public.django_content_type
    ADD CONSTRAINT django_content_type_pkey PRIMARY KEY (id);


--
-- Name: django_migrations django_migrations_pkey; Type: CONSTRAINT; Schema: public; Owner: riskrepoadmin
--

ALTER TABLE ONLY public.django_migrations
    ADD CONSTRAINT django_migrations_pkey PRIMARY KEY (id);


--
-- Name: django_session django_session_pkey; Type: CONSTRAINT; Schema: public; Owner: riskrepoadmin
--

ALTER TABLE ONLY public.django_session
    ADD CONSTRAINT django_session_pkey PRIMARY KEY (session_key);


--
-- Name: auth_group_name_a6ea08ec_like; Type: INDEX; Schema: public; Owner: riskrepoadmin
--

CREATE INDEX auth_group_name_a6ea08ec_like ON public.auth_group USING btree (name varchar_pattern_ops);


--
-- Name: auth_group_permissions_group_id_b120cbf9; Type: INDEX; Schema: public; Owner: riskrepoadmin
--

CREATE INDEX auth_group_permissions_group_id_b120cbf9 ON public.auth_group_permissions USING btree (group_id);


--
-- Name: auth_group_permissions_permission_id_84c5c92e; Type: INDEX; Schema: public; Owner: riskrepoadmin
--

CREATE INDEX auth_group_permissions_permission_id_84c5c92e ON public.auth_group_permissions USING btree (permission_id);


--
-- Name: auth_permission_content_type_id_2f476e4b; Type: INDEX; Schema: public; Owner: riskrepoadmin
--

CREATE INDEX auth_permission_content_type_id_2f476e4b ON public.auth_permission USING btree (content_type_id);


--
-- Name: auth_user_groups_group_id_97559544; Type: INDEX; Schema: public; Owner: riskrepoadmin
--

CREATE INDEX auth_user_groups_group_id_97559544 ON public.auth_user_groups USING btree (group_id);


--
-- Name: auth_user_groups_user_id_6a12ed8b; Type: INDEX; Schema: public; Owner: riskrepoadmin
--

CREATE INDEX auth_user_groups_user_id_6a12ed8b ON public.auth_user_groups USING btree (user_id);


--
-- Name: auth_user_user_permissions_permission_id_1fbb5f2c; Type: INDEX; Schema: public; Owner: riskrepoadmin
--

CREATE INDEX auth_user_user_permissions_permission_id_1fbb5f2c ON public.auth_user_user_permissions USING btree (permission_id);


--
-- Name: auth_user_user_permissions_user_id_a95ead1b; Type: INDEX; Schema: public; Owner: riskrepoadmin
--

CREATE INDEX auth_user_user_permissions_user_id_a95ead1b ON public.auth_user_user_permissions USING btree (user_id);


--
-- Name: auth_user_username_6821ab7c_like; Type: INDEX; Schema: public; Owner: riskrepoadmin
--

CREATE INDEX auth_user_username_6821ab7c_like ON public.auth_user USING btree (username varchar_pattern_ops);


--
-- Name: django_admin_log_content_type_id_c4bce8eb; Type: INDEX; Schema: public; Owner: riskrepoadmin
--

CREATE INDEX django_admin_log_content_type_id_c4bce8eb ON public.django_admin_log USING btree (content_type_id);


--
-- Name: django_admin_log_user_id_c564eba6; Type: INDEX; Schema: public; Owner: riskrepoadmin
--

CREATE INDEX django_admin_log_user_id_c564eba6 ON public.django_admin_log USING btree (user_id);


--
-- Name: django_session_expire_date_a5c62663; Type: INDEX; Schema: public; Owner: riskrepoadmin
--

CREATE INDEX django_session_expire_date_a5c62663 ON public.django_session USING btree (expire_date);


--
-- Name: django_session_session_key_c0390e0f_like; Type: INDEX; Schema: public; Owner: riskrepoadmin
--

CREATE INDEX django_session_session_key_c0390e0f_like ON public.django_session USING btree (session_key varchar_pattern_ops);


--
-- Name: auth_group_permissions auth_group_permissio_permission_id_84c5c92e_fk_auth_perm; Type: FK CONSTRAINT; Schema: public; Owner: riskrepoadmin
--

ALTER TABLE ONLY public.auth_group_permissions
    ADD CONSTRAINT auth_group_permissio_permission_id_84c5c92e_fk_auth_perm FOREIGN KEY (permission_id) REFERENCES public.auth_permission(id) DEFERRABLE INITIALLY DEFERRED;


--
-- Name: auth_group_permissions auth_group_permissions_group_id_b120cbf9_fk_auth_group_id; Type: FK CONSTRAINT; Schema: public; Owner: riskrepoadmin
--

ALTER TABLE ONLY public.auth_group_permissions
    ADD CONSTRAINT auth_group_permissions_group_id_b120cbf9_fk_auth_group_id FOREIGN KEY (group_id) REFERENCES public.auth_group(id) DEFERRABLE INITIALLY DEFERRED;


--
-- Name: auth_permission auth_permission_content_type_id_2f476e4b_fk_django_co; Type: FK CONSTRAINT; Schema: public; Owner: riskrepoadmin
--

ALTER TABLE ONLY public.auth_permission
    ADD CONSTRAINT auth_permission_content_type_id_2f476e4b_fk_django_co FOREIGN KEY (content_type_id) REFERENCES public.django_content_type(id) DEFERRABLE INITIALLY DEFERRED;


--
-- Name: auth_user_groups auth_user_groups_group_id_97559544_fk_auth_group_id; Type: FK CONSTRAINT; Schema: public; Owner: riskrepoadmin
--

ALTER TABLE ONLY public.auth_user_groups
    ADD CONSTRAINT auth_user_groups_group_id_97559544_fk_auth_group_id FOREIGN KEY (group_id) REFERENCES public.auth_group(id) DEFERRABLE INITIALLY DEFERRED;


--
-- Name: auth_user_groups auth_user_groups_user_id_6a12ed8b_fk_auth_user_id; Type: FK CONSTRAINT; Schema: public; Owner: riskrepoadmin
--

ALTER TABLE ONLY public.auth_user_groups
    ADD CONSTRAINT auth_user_groups_user_id_6a12ed8b_fk_auth_user_id FOREIGN KEY (user_id) REFERENCES public.auth_user(id) DEFERRABLE INITIALLY DEFERRED;


--
-- Name: auth_user_user_permissions auth_user_user_permi_permission_id_1fbb5f2c_fk_auth_perm; Type: FK CONSTRAINT; Schema: public; Owner: riskrepoadmin
--

ALTER TABLE ONLY public.auth_user_user_permissions
    ADD CONSTRAINT auth_user_user_permi_permission_id_1fbb5f2c_fk_auth_perm FOREIGN KEY (permission_id) REFERENCES public.auth_permission(id) DEFERRABLE INITIALLY DEFERRED;


--
-- Name: auth_user_user_permissions auth_user_user_permissions_user_id_a95ead1b_fk_auth_user_id; Type: FK CONSTRAINT; Schema: public; Owner: riskrepoadmin
--

ALTER TABLE ONLY public.auth_user_user_permissions
    ADD CONSTRAINT auth_user_user_permissions_user_id_a95ead1b_fk_auth_user_id FOREIGN KEY (user_id) REFERENCES public.auth_user(id) DEFERRABLE INITIALLY DEFERRED;


--
-- Name: django_admin_log django_admin_log_content_type_id_c4bce8eb_fk_django_co; Type: FK CONSTRAINT; Schema: public; Owner: riskrepoadmin
--

ALTER TABLE ONLY public.django_admin_log
    ADD CONSTRAINT django_admin_log_content_type_id_c4bce8eb_fk_django_co FOREIGN KEY (content_type_id) REFERENCES public.django_content_type(id) DEFERRABLE INITIALLY DEFERRED;


--
-- Name: django_admin_log django_admin_log_user_id_c564eba6_fk_auth_user_id; Type: FK CONSTRAINT; Schema: public; Owner: riskrepoadmin
--

ALTER TABLE ONLY public.django_admin_log
    ADD CONSTRAINT django_admin_log_user_id_c564eba6_fk_auth_user_id FOREIGN KEY (user_id) REFERENCES public.auth_user(id) DEFERRABLE INITIALLY DEFERRED;


--
-- PostgreSQL database dump complete
--

